2026-05-25 13:26:25.201 [main] INFO  [txId=no-txn] com.gym.crm.GymApplication - Starting GymApplication using Java 21.0.9 with PID 40952 (C:\Users\Денис\IdeaProjects\gym-crm\target\classes started by Денис in C:\Users\Денис\IdeaProjects\gym-crm)
2026-05-25 13:26:25.203 [main] INFO  [txId=no-txn] com.gym.crm.GymApplication - No active profile set, falling back to 1 default profile: "default"
2026-05-25 13:26:25.654 [main] WARN  [txId=no-txn] o.s.b.w.s.c.AnnotationConfigServletWebServerApplicationContext - Exception encountered during context initialization - cancelling refresh attempt: org.springframework.beans.factory.support.BeanDefinitionOverrideException: Invalid bean definition with name 'transactionManager' defined in class path resource [org/springframework/boot/autoconfigure/orm/jpa/HibernateJpaConfiguration.class]: Cannot register bean definition [Root bean: class=null; scope=; abstract=false; lazyInit=null; autowireMode=3; dependencyCheck=0; autowireCandidate=true; primary=false; fallback=false; factoryBeanName=org.springframework.boot.autoconfigure.orm.jpa.HibernateJpaConfiguration; factoryMethodName=transactionManager; initMethodNames=null; destroyMethodNames=[(inferred)]; defined in class path resource [org/springframework/boot/autoconfigure/orm/jpa/HibernateJpaConfiguration.class]] for bean 'transactionManager' since there is already [Generic bean: class=com.gym.crm.config.TransactionManager; scope=singleton; abstract=false; lazyInit=null; autowireMode=0; dependencyCheck=0; autowireCandidate=true; primary=false; fallback=false; factoryBeanName=null; factoryMethodName=null; initMethodNames=null; destroyMethodNames=null; defined in file [C:\Users\Денис\IdeaProjects\gym-crm\target\classes\com\gym\crm\config\TransactionManager.class]] bound.
2026-05-25 13:26:25.666 [main] ERROR [txId=no-txn] o.s.b.d.LoggingFailureAnalysisReporter - 

***************************
APPLICATION FAILED TO START
***************************

Description:

The bean 'transactionManager', defined in class path resource [org/springframework/boot/autoconfigure/orm/jpa/HibernateJpaConfiguration.class], could not be registered. A bean with that name has already been defined in file [C:\Users\Денис\IdeaProjects\gym-crm\target\classes\com\gym\crm\config\TransactionManager.class] and overriding is disabled.

Action:

Consider renaming one of the beans or enabling overriding by setting spring.main.allow-bean-definition-overriding=true

2026-05-25 14:00:29.074 [main] INFO  [txId=no-txn] com.gym.crm.GymApplication - Starting GymApplication using Java 21.0.9 with PID 40988 (C:\Users\Денис\IdeaProjects\gym-crm\target\classes started by Денис in C:\Users\Денис\IdeaProjects\gym-crm)
2026-05-25 14:00:29.074 [main] INFO  [txId=no-txn] com.gym.crm.GymApplication - No active profile set, falling back to 1 default profile: "default"
2026-05-25 14:00:29.915 [main] INFO  [txId=no-txn] o.a.coyote.http11.Http11NioProtocol - Initializing ProtocolHandler ["http-nio-8080"]
2026-05-25 14:00:29.917 [main] INFO  [txId=no-txn] o.a.catalina.core.StandardService - Starting service [Tomcat]
2026-05-25 14:00:29.917 [main] INFO  [txId=no-txn] o.a.catalina.core.StandardEngine - Starting Servlet engine: [Apache Tomcat/10.1.41]
2026-05-25 14:00:30.014 [main] INFO  [txId=no-txn] o.apache.jasper.servlet.TldScanner - At least one JAR was scanned for TLDs yet contained no TLDs. Enable debug logging for this logger for a complete list of JARs that were scanned but no TLDs were found in them. Skipping unneeded JARs during scanning can improve startup time and JSP compilation time.
2026-05-25 14:00:30.016 [main] INFO  [txId=no-txn] o.a.c.c.C.[Tomcat].[localhost].[/] - Initializing Spring embedded WebApplicationContext
2026-05-25 14:00:30.057 [main] WARN  [txId=no-txn] o.s.b.w.s.c.AnnotationConfigServletWebServerApplicationContext - Exception encountered during context initialization - cancelling refresh attempt: org.springframework.beans.factory.BeanCreationException: Error creating bean with name 'dataSourceConfig': Injection of autowired dependencies failed
2026-05-25 14:00:30.058 [main] INFO  [txId=no-txn] o.a.catalina.core.StandardService - Stopping service [Tomcat]
2026-05-25 14:00:30.075 [main] ERROR [txId=no-txn] o.s.boot.SpringApplication - Application run failed
org.springframework.beans.factory.BeanCreationException: Error creating bean with name 'dataSourceConfig': Injection of autowired dependencies failed
	at org.springframework.beans.factory.annotation.AutowiredAnnotationBeanPostProcessor.postProcessProperties(AutowiredAnnotationBeanPostProcessor.java:515)
	at org.springframework.beans.factory.support.AbstractAutowireCapableBeanFactory.populateBean(AbstractAutowireCapableBeanFactory.java:1459)
	at org.springframework.beans.factory.support.AbstractAutowireCapableBeanFactory.doCreateBean(AbstractAutowireCapableBeanFactory.java:606)
	at org.springframework.beans.factory.support.AbstractAutowireCapableBeanFactory.createBean(AbstractAutowireCapableBeanFactory.java:529)
	at org.springframework.beans.factory.support.AbstractBeanFactory.lambda$doGetBean$0(AbstractBeanFactory.java:339)
	at org.springframework.beans.factory.support.DefaultSingletonBeanRegistry.getSingleton(DefaultSingletonBeanRegistry.java:373)
	at org.springframework.beans.factory.support.AbstractBeanFactory.doGetBean(AbstractBeanFactory.java:337)
	at org.springframework.beans.factory.support.AbstractBeanFactory.getBean(AbstractBeanFactory.java:202)
	at org.springframework.beans.factory.support.DefaultListableBeanFactory.instantiateSingleton(DefaultListableBeanFactory.java:1222)
	at org.springframework.beans.factory.support.DefaultListableBeanFactory.preInstantiateSingleton(DefaultListableBeanFactory.java:1188)
	at org.springframework.beans.factory.support.DefaultListableBeanFactory.preInstantiateSingletons(DefaultListableBeanFactory.java:1123)
	at org.springframework.context.support.AbstractApplicationContext.finishBeanFactoryInitialization(AbstractApplicationContext.java:987)
	at org.springframework.context.support.AbstractApplicationContext.refresh(AbstractApplicationContext.java:627)
	at org.springframework.boot.web.servlet.context.ServletWebServerApplicationContext.refresh(ServletWebServerApplicationContext.java:146)
	at org.springframework.boot.SpringApplication.refresh(SpringApplication.java:753)
	at org.springframework.boot.SpringApplication.refreshContext(SpringApplication.java:439)
	at org.springframework.boot.SpringApplication.run(SpringApplication.java:318)
	at org.springframework.boot.SpringApplication.run(SpringApplication.java:1362)
	at org.springframework.boot.SpringApplication.run(SpringApplication.java:1351)
	at com.gym.crm.GymApplication.main(GymApplication.java:9)
Caused by: org.springframework.util.PlaceholderResolutionException: Could not resolve placeholder 'DB_URL' in value "${DB_URL}" <-- "${db.url}"
	at org.springframework.util.PlaceholderResolutionException.withValue(PlaceholderResolutionException.java:81)
	at org.springframework.util.PlaceholderParser$ParsedValue.resolve(PlaceholderParser.java:423)
	at org.springframework.util.PlaceholderParser.replacePlaceholders(PlaceholderParser.java:128)
	at org.springframework.util.PropertyPlaceholderHelper.parseStringValue(PropertyPlaceholderHelper.java:118)
	at org.springframework.util.PropertyPlaceholderHelper.replacePlaceholders(PropertyPlaceholderHelper.java:114)
	at org.springframework.core.env.AbstractPropertyResolver.doResolvePlaceholders(AbstractPropertyResolver.java:293)
	at org.springframework.core.env.AbstractPropertyResolver.resolveRequiredPlaceholders(AbstractPropertyResolver.java:264)
	at org.springframework.context.support.PropertySourcesPlaceholderConfigurer.lambda$processProperties$0(PropertySourcesPlaceholderConfigurer.java:185)
	at org.springframework.beans.factory.support.AbstractBeanFactory.resolveEmbeddedValue(AbstractBeanFactory.java:971)
	at org.springframework.beans.factory.support.DefaultListableBeanFactory.doResolveDependency(DefaultListableBeanFactory.java:1650)
	at org.springframework.beans.factory.support.DefaultListableBeanFactory.resolveDependency(DefaultListableBeanFactory.java:1628)
	at org.springframework.beans.factory.annotation.AutowiredAnnotationBeanPostProcessor$AutowiredFieldElement.resolveFieldValue(AutowiredAnnotationBeanPostProcessor.java:785)
	at org.springframework.beans.factory.annotation.AutowiredAnnotationBeanPostProcessor$AutowiredFieldElement.inject(AutowiredAnnotationBeanPostProcessor.java:768)
	at org.springframework.beans.factory.annotation.InjectionMetadata.inject(InjectionMetadata.java:146)
	at org.springframework.beans.factory.annotation.AutowiredAnnotationBeanPostProcessor.postProcessProperties(AutowiredAnnotationBeanPostProcessor.java:509)
	... 19 common frames omitted
2026-05-25 14:04:03.273 [main] INFO  [txId=no-txn] com.gym.crm.GymApplication - Starting GymApplication using Java 21.0.9 with PID 35552 (C:\Users\Денис\IdeaProjects\gym-crm\target\classes started by Денис in C:\Users\Денис\IdeaProjects\gym-crm)
2026-05-25 14:04:03.274 [main] INFO  [txId=no-txn] com.gym.crm.GymApplication - No active profile set, falling back to 1 default profile: "default"
2026-05-25 14:04:03.973 [main] INFO  [txId=no-txn] o.a.coyote.http11.Http11NioProtocol - Initializing ProtocolHandler ["http-nio-8080"]
2026-05-25 14:04:03.974 [main] INFO  [txId=no-txn] o.a.catalina.core.StandardService - Starting service [Tomcat]
2026-05-25 14:04:03.974 [main] INFO  [txId=no-txn] o.a.catalina.core.StandardEngine - Starting Servlet engine: [Apache Tomcat/10.1.41]
2026-05-25 14:04:04.046 [main] INFO  [txId=no-txn] o.apache.jasper.servlet.TldScanner - At least one JAR was scanned for TLDs yet contained no TLDs. Enable debug logging for this logger for a complete list of JARs that were scanned but no TLDs were found in them. Skipping unneeded JARs during scanning can improve startup time and JSP compilation time.
2026-05-25 14:04:04.049 [main] INFO  [txId=no-txn] o.a.c.c.C.[Tomcat].[localhost].[/] - Initializing Spring embedded WebApplicationContext
2026-05-25 14:04:04.714 [main] INFO  [txId=no-txn] liquibase.changelog - Reading from gym_db.databasechangelog
2026-05-25 14:04:04.751 [main] INFO  [txId=no-txn] liquibase.ui - Database is up to date, no changesets to execute
2026-05-25 14:04:04.753 [main] INFO  [txId=no-txn] liquibase.changelog - Reading from gym_db.databasechangelog
2026-05-25 14:04:04.758 [main] INFO  [txId=no-txn] liquibase.util - UPDATE SUMMARY
2026-05-25 14:04:04.758 [main] INFO  [txId=no-txn] liquibase.util - Run:                          0
2026-05-25 14:04:04.758 [main] INFO  [txId=no-txn] liquibase.util - Previously run:              18
2026-05-25 14:04:04.758 [main] INFO  [txId=no-txn] liquibase.util - Filtered out:                 0
2026-05-25 14:04:04.758 [main] INFO  [txId=no-txn] liquibase.util - -------------------------------
2026-05-25 14:04:04.758 [main] INFO  [txId=no-txn] liquibase.util - Total change sets:           18
2026-05-25 14:04:04.759 [main] INFO  [txId=no-txn] liquibase.util - Update summary generated
2026-05-25 14:04:04.771 [main] INFO  [txId=no-txn] liquibase.lockservice - Successfully released change log lock
2026-05-25 14:04:04.772 [main] INFO  [txId=no-txn] liquibase.command - Command execution complete
2026-05-25 14:04:04.964 [main] WARN  [txId=no-txn] org.hibernate.orm.deprecation - HHH90000025: MySQLDialect does not need to be specified explicitly using 'hibernate.dialect' (remove the property setting and it will be selected by default)
2026-05-25 14:04:05.820 [main] WARN  [txId=no-txn] o.s.b.a.o.j.JpaBaseConfiguration$JpaWebConfiguration - spring.jpa.open-in-view is enabled by default. Therefore, database queries may be performed during view rendering. Explicitly configure spring.jpa.open-in-view to disable this warning
2026-05-25 14:04:06.045 [main] WARN  [txId=no-txn] o.s.b.w.s.c.AnnotationConfigServletWebServerApplicationContext - Exception encountered during context initialization - cancelling refresh attempt: org.springframework.beans.factory.BeanCreationException: Error creating bean with name 'jpaSharedEM_entityManagerFactory': Cannot resolve reference to bean 'entityManagerFactory' while setting constructor argument
2026-05-25 14:04:06.048 [main] INFO  [txId=no-txn] o.a.catalina.core.StandardService - Stopping service [Tomcat]
2026-05-25 14:04:06.060 [main] ERROR [txId=no-txn] o.s.b.d.LoggingFailureAnalysisReporter - 

***************************
APPLICATION FAILED TO START
***************************

Description:

A component required a bean named 'entityManagerFactory' that could not be found.


Action:

Consider defining a bean named 'entityManagerFactory' in your configuration.

2026-05-25 14:05:13.505 [main] INFO  [txId=no-txn] com.gym.crm.GymApplication - Starting GymApplication using Java 21.0.9 with PID 39792 (C:\Users\Денис\IdeaProjects\gym-crm\target\classes started by Денис in C:\Users\Денис\IdeaProjects\gym-crm)
2026-05-25 14:05:13.506 [main] INFO  [txId=no-txn] com.gym.crm.GymApplication - No active profile set, falling back to 1 default profile: "default"
2026-05-25 14:05:14.229 [main] INFO  [txId=no-txn] o.a.coyote.http11.Http11NioProtocol - Initializing ProtocolHandler ["http-nio-8080"]
2026-05-25 14:05:14.230 [main] INFO  [txId=no-txn] o.a.catalina.core.StandardService - Starting service [Tomcat]
2026-05-25 14:05:14.230 [main] INFO  [txId=no-txn] o.a.catalina.core.StandardEngine - Starting Servlet engine: [Apache Tomcat/10.1.41]
2026-05-25 14:05:14.315 [main] INFO  [txId=no-txn] o.apache.jasper.servlet.TldScanner - At least one JAR was scanned for TLDs yet contained no TLDs. Enable debug logging for this logger for a complete list of JARs that were scanned but no TLDs were found in them. Skipping unneeded JARs during scanning can improve startup time and JSP compilation time.
2026-05-25 14:05:14.317 [main] INFO  [txId=no-txn] o.a.c.c.C.[Tomcat].[localhost].[/] - Initializing Spring embedded WebApplicationContext
2026-05-25 14:05:14.402 [main] INFO  [txId=no-txn] com.zaxxer.hikari.HikariDataSource - HikariPool-1 - Starting...
2026-05-25 14:05:14.557 [main] INFO  [txId=no-txn] com.zaxxer.hikari.pool.HikariPool - HikariPool-1 - Added connection com.mysql.cj.jdbc.ConnectionImpl@7645e64
2026-05-25 14:05:14.558 [main] INFO  [txId=no-txn] com.zaxxer.hikari.HikariDataSource - HikariPool-1 - Start completed.
2026-05-25 14:05:14.855 [main] INFO  [txId=no-txn] liquibase.changelog - Reading from gym_db.databasechangelog
2026-05-25 14:05:14.888 [main] INFO  [txId=no-txn] liquibase.ui - Database is up to date, no changesets to execute
2026-05-25 14:05:14.890 [main] INFO  [txId=no-txn] liquibase.changelog - Reading from gym_db.databasechangelog
2026-05-25 14:05:14.897 [main] INFO  [txId=no-txn] liquibase.util - UPDATE SUMMARY
2026-05-25 14:05:14.897 [main] INFO  [txId=no-txn] liquibase.util - Run:                          0
2026-05-25 14:05:14.897 [main] INFO  [txId=no-txn] liquibase.util - Previously run:              18
2026-05-25 14:05:14.897 [main] INFO  [txId=no-txn] liquibase.util - Filtered out:                 0
2026-05-25 14:05:14.897 [main] INFO  [txId=no-txn] liquibase.util - -------------------------------
2026-05-25 14:05:14.897 [main] INFO  [txId=no-txn] liquibase.util - Total change sets:           18
2026-05-25 14:05:14.897 [main] INFO  [txId=no-txn] liquibase.util - Update summary generated
2026-05-25 14:05:14.907 [main] INFO  [txId=no-txn] liquibase.lockservice - Successfully released change log lock
2026-05-25 14:05:14.908 [main] INFO  [txId=no-txn] liquibase.command - Command execution complete
2026-05-25 14:05:15.030 [main] WARN  [txId=no-txn] org.hibernate.orm.deprecation - HHH90000025: MySQLDialect does not need to be specified explicitly using 'hibernate.dialect' (remove the property setting and it will be selected by default)
2026-05-25 14:05:15.770 [main] WARN  [txId=no-txn] o.s.b.a.o.j.JpaBaseConfiguration$JpaWebConfiguration - spring.jpa.open-in-view is enabled by default. Therefore, database queries may be performed during view rendering. Explicitly configure spring.jpa.open-in-view to disable this warning
2026-05-25 14:05:15.971 [main] WARN  [txId=no-txn] o.s.b.w.s.c.AnnotationConfigServletWebServerApplicationContext - Exception encountered during context initialization - cancelling refresh attempt: org.springframework.beans.factory.BeanCreationException: Error creating bean with name 'jpaSharedEM_entityManagerFactory': Cannot resolve reference to bean 'entityManagerFactory' while setting constructor argument
2026-05-25 14:05:15.974 [main] INFO  [txId=no-txn] com.zaxxer.hikari.HikariDataSource - HikariPool-1 - Shutdown initiated...
2026-05-25 14:05:15.978 [main] INFO  [txId=no-txn] com.zaxxer.hikari.HikariDataSource - HikariPool-1 - Shutdown completed.
2026-05-25 14:05:15.979 [main] INFO  [txId=no-txn] o.a.catalina.core.StandardService - Stopping service [Tomcat]
2026-05-25 14:05:15.990 [main] ERROR [txId=no-txn] o.s.b.d.LoggingFailureAnalysisReporter - 

***************************
APPLICATION FAILED TO START
***************************

Description:

A component required a bean named 'entityManagerFactory' that could not be found.


Action:

Consider defining a bean named 'entityManagerFactory' in your configuration.

2026-05-25 14:08:43.964 [main] INFO  [txId=no-txn] com.gym.crm.GymApplication - Starting GymApplication using Java 21.0.9 with PID 37412 (C:\Users\Денис\IdeaProjects\gym-crm\target\classes started by Денис in C:\Users\Денис\IdeaProjects\gym-crm)
2026-05-25 14:08:43.965 [main] INFO  [txId=no-txn] com.gym.crm.GymApplication - No active profile set, falling back to 1 default profile: "default"
2026-05-25 14:08:44.699 [main] INFO  [txId=no-txn] o.a.coyote.http11.Http11NioProtocol - Initializing ProtocolHandler ["http-nio-8080"]
2026-05-25 14:08:44.700 [main] INFO  [txId=no-txn] o.a.catalina.core.StandardService - Starting service [Tomcat]
2026-05-25 14:08:44.700 [main] INFO  [txId=no-txn] o.a.catalina.core.StandardEngine - Starting Servlet engine: [Apache Tomcat/10.1.41]
2026-05-25 14:08:44.772 [main] INFO  [txId=no-txn] o.apache.jasper.servlet.TldScanner - At least one JAR was scanned for TLDs yet contained no TLDs. Enable debug logging for this logger for a complete list of JARs that were scanned but no TLDs were found in them. Skipping unneeded JARs during scanning can improve startup time and JSP compilation time.
2026-05-25 14:08:44.774 [main] INFO  [txId=no-txn] o.a.c.c.C.[Tomcat].[localhost].[/] - Initializing Spring embedded WebApplicationContext
2026-05-25 14:08:44.856 [main] INFO  [txId=no-txn] com.zaxxer.hikari.HikariDataSource - HikariPool-1 - Starting...
2026-05-25 14:08:45.009 [main] INFO  [txId=no-txn] com.zaxxer.hikari.pool.HikariPool - HikariPool-1 - Added connection com.mysql.cj.jdbc.ConnectionImpl@42ecc554
2026-05-25 14:08:45.010 [main] INFO  [txId=no-txn] com.zaxxer.hikari.HikariDataSource - HikariPool-1 - Start completed.
2026-05-25 14:08:45.290 [main] INFO  [txId=no-txn] liquibase.changelog - Reading from gym_db.databasechangelog
2026-05-25 14:08:45.321 [main] INFO  [txId=no-txn] liquibase.ui - Database is up to date, no changesets to execute
2026-05-25 14:08:45.323 [main] INFO  [txId=no-txn] liquibase.changelog - Reading from gym_db.databasechangelog
2026-05-25 14:08:45.328 [main] INFO  [txId=no-txn] liquibase.util - UPDATE SUMMARY
2026-05-25 14:08:45.328 [main] INFO  [txId=no-txn] liquibase.util - Run:                          0
2026-05-25 14:08:45.328 [main] INFO  [txId=no-txn] liquibase.util - Previously run:              18
2026-05-25 14:08:45.328 [main] INFO  [txId=no-txn] liquibase.util - Filtered out:                 0
2026-05-25 14:08:45.328 [main] INFO  [txId=no-txn] liquibase.util - -------------------------------
2026-05-25 14:08:45.328 [main] INFO  [txId=no-txn] liquibase.util - Total change sets:           18
2026-05-25 14:08:45.328 [main] INFO  [txId=no-txn] liquibase.util - Update summary generated
2026-05-25 14:08:45.337 [main] INFO  [txId=no-txn] liquibase.lockservice - Successfully released change log lock
2026-05-25 14:08:45.338 [main] INFO  [txId=no-txn] liquibase.command - Command execution complete
2026-05-25 14:08:45.455 [main] WARN  [txId=no-txn] org.hibernate.orm.deprecation - HHH90000025: MySQLDialect does not need to be specified explicitly using 'hibernate.dialect' (remove the property setting and it will be selected by default)
2026-05-25 14:08:46.146 [main] WARN  [txId=no-txn] o.s.b.a.o.j.JpaBaseConfiguration$JpaWebConfiguration - spring.jpa.open-in-view is enabled by default. Therefore, database queries may be performed during view rendering. Explicitly configure spring.jpa.open-in-view to disable this warning
2026-05-25 14:08:46.337 [main] WARN  [txId=no-txn] o.s.b.w.s.c.AnnotationConfigServletWebServerApplicationContext - Exception encountered during context initialization - cancelling refresh attempt: org.springframework.beans.factory.BeanCreationException: Error creating bean with name 'jpaSharedEM_entityManagerFactory': Cannot resolve reference to bean 'entityManagerFactory' while setting constructor argument
2026-05-25 14:08:46.338 [main] INFO  [txId=no-txn] com.zaxxer.hikari.HikariDataSource - HikariPool-1 - Shutdown initiated...
2026-05-25 14:08:46.342 [main] INFO  [txId=no-txn] com.zaxxer.hikari.HikariDataSource - HikariPool-1 - Shutdown completed.
2026-05-25 14:08:46.342 [main] INFO  [txId=no-txn] o.a.catalina.core.StandardService - Stopping service [Tomcat]
2026-05-25 14:08:46.355 [main] ERROR [txId=no-txn] o.s.b.d.LoggingFailureAnalysisReporter - 

***************************
APPLICATION FAILED TO START
***************************

Description:

A component required a bean named 'entityManagerFactory' that could not be found.


Action:

Consider defining a bean named 'entityManagerFactory' in your configuration.

2026-05-25 14:09:49.272 [main] INFO  [txId=no-txn] com.gym.crm.GymApplication - Starting GymApplication using Java 21.0.9 with PID 39928 (C:\Users\Денис\IdeaProjects\gym-crm\target\classes started by Денис in C:\Users\Денис\IdeaProjects\gym-crm)
2026-05-25 14:09:49.272 [main] INFO  [txId=no-txn] com.gym.crm.GymApplication - No active profile set, falling back to 1 default profile: "default"
2026-05-25 14:09:49.981 [main] INFO  [txId=no-txn] o.a.coyote.http11.Http11NioProtocol - Initializing ProtocolHandler ["http-nio-8080"]
2026-05-25 14:09:49.983 [main] INFO  [txId=no-txn] o.a.catalina.core.StandardService - Starting service [Tomcat]
2026-05-25 14:09:49.983 [main] INFO  [txId=no-txn] o.a.catalina.core.StandardEngine - Starting Servlet engine: [Apache Tomcat/10.1.41]
2026-05-25 14:09:50.057 [main] INFO  [txId=no-txn] o.apache.jasper.servlet.TldScanner - At least one JAR was scanned for TLDs yet contained no TLDs. Enable debug logging for this logger for a complete list of JARs that were scanned but no TLDs were found in them. Skipping unneeded JARs during scanning can improve startup time and JSP compilation time.
2026-05-25 14:09:50.059 [main] INFO  [txId=no-txn] o.a.c.c.C.[Tomcat].[localhost].[/] - Initializing Spring embedded WebApplicationContext
2026-05-25 14:09:50.144 [main] INFO  [txId=no-txn] com.zaxxer.hikari.HikariDataSource - HikariPool-1 - Starting...
2026-05-25 14:09:50.297 [main] INFO  [txId=no-txn] com.zaxxer.hikari.pool.HikariPool - HikariPool-1 - Added connection com.mysql.cj.jdbc.ConnectionImpl@636dbfe7
2026-05-25 14:09:50.299 [main] INFO  [txId=no-txn] com.zaxxer.hikari.HikariDataSource - HikariPool-1 - Start completed.
2026-05-25 14:09:50.597 [main] INFO  [txId=no-txn] liquibase.changelog - Reading from gym_db.databasechangelog
2026-05-25 14:09:50.630 [main] INFO  [txId=no-txn] liquibase.ui - Database is up to date, no changesets to execute
2026-05-25 14:09:50.633 [main] INFO  [txId=no-txn] liquibase.changelog - Reading from gym_db.databasechangelog
2026-05-25 14:09:50.638 [main] INFO  [txId=no-txn] liquibase.util - UPDATE SUMMARY
2026-05-25 14:09:50.639 [main] INFO  [txId=no-txn] liquibase.util - Run:                          0
2026-05-25 14:09:50.639 [main] INFO  [txId=no-txn] liquibase.util - Previously run:              18
2026-05-25 14:09:50.639 [main] INFO  [txId=no-txn] liquibase.util - Filtered out:                 0
2026-05-25 14:09:50.639 [main] INFO  [txId=no-txn] liquibase.util - -------------------------------
2026-05-25 14:09:50.639 [main] INFO  [txId=no-txn] liquibase.util - Total change sets:           18
2026-05-25 14:09:50.639 [main] INFO  [txId=no-txn] liquibase.util - Update summary generated
2026-05-25 14:09:50.646 [main] INFO  [txId=no-txn] liquibase.lockservice - Successfully released change log lock
2026-05-25 14:09:50.647 [main] INFO  [txId=no-txn] liquibase.command - Command execution complete
2026-05-25 14:09:50.762 [main] WARN  [txId=no-txn] org.hibernate.orm.deprecation - HHH90000025: MySQLDialect does not need to be specified explicitly using 'hibernate.dialect' (remove the property setting and it will be selected by default)
2026-05-25 14:09:51.456 [main] WARN  [txId=no-txn] o.s.b.a.o.j.JpaBaseConfiguration$JpaWebConfiguration - spring.jpa.open-in-view is enabled by default. Therefore, database queries may be performed during view rendering. Explicitly configure spring.jpa.open-in-view to disable this warning
2026-05-25 14:09:51.651 [main] WARN  [txId=no-txn] o.s.b.w.s.c.AnnotationConfigServletWebServerApplicationContext - Exception encountered during context initialization - cancelling refresh attempt: org.springframework.beans.factory.BeanCreationException: Error creating bean with name 'jpaSharedEM_entityManagerFactory': Cannot resolve reference to bean 'entityManagerFactory' while setting constructor argument
2026-05-25 14:09:51.652 [main] INFO  [txId=no-txn] com.zaxxer.hikari.HikariDataSource - HikariPool-1 - Shutdown initiated...
2026-05-25 14:09:51.657 [main] INFO  [txId=no-txn] com.zaxxer.hikari.HikariDataSource - HikariPool-1 - Shutdown completed.
2026-05-25 14:09:51.657 [main] INFO  [txId=no-txn] o.a.catalina.core.StandardService - Stopping service [Tomcat]
2026-05-25 14:09:51.670 [main] ERROR [txId=no-txn] o.s.b.d.LoggingFailureAnalysisReporter - 

***************************
APPLICATION FAILED TO START
***************************

Description:

A component required a bean named 'entityManagerFactory' that could not be found.


Action:

Consider defining a bean named 'entityManagerFactory' in your configuration.

2026-05-25 14:43:51.464 [main] INFO  [txId=no-txn] com.gym.crm.GymApplication - Starting GymApplication using Java 21.0.9 with PID 31276 (C:\Users\Денис\IdeaProjects\gym-crm\target\classes started by Денис in C:\Users\Денис\IdeaProjects\gym-crm)
2026-05-25 14:43:51.465 [main] INFO  [txId=no-txn] com.gym.crm.GymApplication - No active profile set, falling back to 1 default profile: "default"
2026-05-25 14:43:52.216 [main] INFO  [txId=no-txn] o.a.coyote.http11.Http11NioProtocol - Initializing ProtocolHandler ["http-nio-8080"]
2026-05-25 14:43:52.218 [main] INFO  [txId=no-txn] o.a.catalina.core.StandardService - Starting service [Tomcat]
2026-05-25 14:43:52.218 [main] INFO  [txId=no-txn] o.a.catalina.core.StandardEngine - Starting Servlet engine: [Apache Tomcat/10.1.41]
2026-05-25 14:43:52.306 [main] INFO  [txId=no-txn] o.apache.jasper.servlet.TldScanner - At least one JAR was scanned for TLDs yet contained no TLDs. Enable debug logging for this logger for a complete list of JARs that were scanned but no TLDs were found in them. Skipping unneeded JARs during scanning can improve startup time and JSP compilation time.
2026-05-25 14:43:52.309 [main] INFO  [txId=no-txn] o.a.c.c.C.[Tomcat].[localhost].[/] - Initializing Spring embedded WebApplicationContext
2026-05-25 14:43:52.396 [main] INFO  [txId=no-txn] com.zaxxer.hikari.HikariDataSource - HikariPool-1 - Starting...
2026-05-25 14:43:52.549 [main] INFO  [txId=no-txn] com.zaxxer.hikari.pool.HikariPool - HikariPool-1 - Added connection com.mysql.cj.jdbc.ConnectionImpl@42ecc554
2026-05-25 14:43:52.550 [main] INFO  [txId=no-txn] com.zaxxer.hikari.HikariDataSource - HikariPool-1 - Start completed.
2026-05-25 14:43:52.850 [main] INFO  [txId=no-txn] liquibase.changelog - Reading from gym_db.databasechangelog
2026-05-25 14:43:52.882 [main] INFO  [txId=no-txn] liquibase.ui - Database is up to date, no changesets to execute
2026-05-25 14:43:52.884 [main] INFO  [txId=no-txn] liquibase.changelog - Reading from gym_db.databasechangelog
2026-05-25 14:43:52.890 [main] INFO  [txId=no-txn] liquibase.util - UPDATE SUMMARY
2026-05-25 14:43:52.890 [main] INFO  [txId=no-txn] liquibase.util - Run:                          0
2026-05-25 14:43:52.890 [main] INFO  [txId=no-txn] liquibase.util - Previously run:              18
2026-05-25 14:43:52.890 [main] INFO  [txId=no-txn] liquibase.util - Filtered out:                 0
2026-05-25 14:43:52.890 [main] INFO  [txId=no-txn] liquibase.util - -------------------------------
2026-05-25 14:43:52.890 [main] INFO  [txId=no-txn] liquibase.util - Total change sets:           18
2026-05-25 14:43:52.891 [main] INFO  [txId=no-txn] liquibase.util - Update summary generated
2026-05-25 14:43:52.899 [main] INFO  [txId=no-txn] liquibase.lockservice - Successfully released change log lock
2026-05-25 14:43:52.900 [main] INFO  [txId=no-txn] liquibase.command - Command execution complete
2026-05-25 14:43:53.020 [main] WARN  [txId=no-txn] org.hibernate.orm.deprecation - HHH90000025: MySQLDialect does not need to be specified explicitly using 'hibernate.dialect' (remove the property setting and it will be selected by default)
2026-05-25 14:43:53.725 [main] WARN  [txId=no-txn] o.s.b.a.o.j.JpaBaseConfiguration$JpaWebConfiguration - spring.jpa.open-in-view is enabled by default. Therefore, database queries may be performed during view rendering. Explicitly configure spring.jpa.open-in-view to disable this warning
2026-05-25 14:43:53.941 [main] WARN  [txId=no-txn] o.s.b.w.s.c.AnnotationConfigServletWebServerApplicationContext - Exception encountered during context initialization - cancelling refresh attempt: org.springframework.beans.factory.BeanCreationException: Error creating bean with name 'jpaSharedEM_entityManagerFactory': Cannot resolve reference to bean 'entityManagerFactory' while setting constructor argument
2026-05-25 14:43:53.944 [main] INFO  [txId=no-txn] com.zaxxer.hikari.HikariDataSource - HikariPool-1 - Shutdown initiated...
2026-05-25 14:43:53.950 [main] INFO  [txId=no-txn] com.zaxxer.hikari.HikariDataSource - HikariPool-1 - Shutdown completed.
2026-05-25 14:43:53.951 [main] INFO  [txId=no-txn] o.a.catalina.core.StandardService - Stopping service [Tomcat]
2026-05-25 14:43:53.970 [main] ERROR [txId=no-txn] o.s.b.d.LoggingFailureAnalysisReporter - 

***************************
APPLICATION FAILED TO START
***************************

Description:

A component required a bean named 'entityManagerFactory' that could not be found.


Action:

Consider defining a bean named 'entityManagerFactory' in your configuration.

2026-05-25 14:52:26.341 [main] INFO  [txId=no-txn] com.gym.crm.GymApplication - Starting GymApplication using Java 21.0.9 with PID 19216 (C:\Users\Денис\IdeaProjects\gym-crm\target\classes started by Денис in C:\Users\Денис\IdeaProjects\gym-crm)
2026-05-25 14:52:26.342 [main] INFO  [txId=no-txn] com.gym.crm.GymApplication - No active profile set, falling back to 1 default profile: "default"
2026-05-25 14:52:27.073 [main] INFO  [txId=no-txn] o.a.coyote.http11.Http11NioProtocol - Initializing ProtocolHandler ["http-nio-8080"]
2026-05-25 14:52:27.074 [main] INFO  [txId=no-txn] o.a.catalina.core.StandardService - Starting service [Tomcat]
2026-05-25 14:52:27.074 [main] INFO  [txId=no-txn] o.a.catalina.core.StandardEngine - Starting Servlet engine: [Apache Tomcat/10.1.41]
2026-05-25 14:52:27.155 [main] INFO  [txId=no-txn] o.apache.jasper.servlet.TldScanner - At least one JAR was scanned for TLDs yet contained no TLDs. Enable debug logging for this logger for a complete list of JARs that were scanned but no TLDs were found in them. Skipping unneeded JARs during scanning can improve startup time and JSP compilation time.
2026-05-25 14:52:27.157 [main] INFO  [txId=no-txn] o.a.c.c.C.[Tomcat].[localhost].[/] - Initializing Spring embedded WebApplicationContext
2026-05-25 14:52:27.235 [main] INFO  [txId=no-txn] com.zaxxer.hikari.HikariDataSource - HikariPool-1 - Starting...
2026-05-25 14:52:27.390 [main] INFO  [txId=no-txn] com.zaxxer.hikari.pool.HikariPool - HikariPool-1 - Added connection com.mysql.cj.jdbc.ConnectionImpl@7bf65e0f
2026-05-25 14:52:27.391 [main] INFO  [txId=no-txn] com.zaxxer.hikari.HikariDataSource - HikariPool-1 - Start completed.
2026-05-25 14:52:27.682 [main] INFO  [txId=no-txn] liquibase.changelog - Reading from gym_db.databasechangelog
2026-05-25 14:52:27.713 [main] INFO  [txId=no-txn] liquibase.ui - Database is up to date, no changesets to execute
2026-05-25 14:52:27.715 [main] INFO  [txId=no-txn] liquibase.changelog - Reading from gym_db.databasechangelog
2026-05-25 14:52:27.719 [main] INFO  [txId=no-txn] liquibase.util - UPDATE SUMMARY
2026-05-25 14:52:27.719 [main] INFO  [txId=no-txn] liquibase.util - Run:                          0
2026-05-25 14:52:27.719 [main] INFO  [txId=no-txn] liquibase.util - Previously run:              18
2026-05-25 14:52:27.719 [main] INFO  [txId=no-txn] liquibase.util - Filtered out:                 0
2026-05-25 14:52:27.719 [main] INFO  [txId=no-txn] liquibase.util - -------------------------------
2026-05-25 14:52:27.719 [main] INFO  [txId=no-txn] liquibase.util - Total change sets:           18
2026-05-25 14:52:27.720 [main] INFO  [txId=no-txn] liquibase.util - Update summary generated
2026-05-25 14:52:27.729 [main] INFO  [txId=no-txn] liquibase.lockservice - Successfully released change log lock
2026-05-25 14:52:27.730 [main] INFO  [txId=no-txn] liquibase.command - Command execution complete
2026-05-25 14:52:27.860 [main] WARN  [txId=no-txn] org.hibernate.orm.deprecation - HHH90000025: MySQLDialect does not need to be specified explicitly using 'hibernate.dialect' (remove the property setting and it will be selected by default)
2026-05-25 14:52:28.656 [main] WARN  [txId=no-txn] o.s.b.a.o.j.JpaBaseConfiguration$JpaWebConfiguration - spring.jpa.open-in-view is enabled by default. Therefore, database queries may be performed during view rendering. Explicitly configure spring.jpa.open-in-view to disable this warning
2026-05-25 14:52:28.851 [main] WARN  [txId=no-txn] o.s.b.w.s.c.AnnotationConfigServletWebServerApplicationContext - Exception encountered during context initialization - cancelling refresh attempt: org.springframework.beans.factory.BeanCreationException: Error creating bean with name 'jpaSharedEM_entityManagerFactory': Cannot resolve reference to bean 'entityManagerFactory' while setting constructor argument
2026-05-25 14:52:28.853 [main] INFO  [txId=no-txn] com.zaxxer.hikari.HikariDataSource - HikariPool-1 - Shutdown initiated...
2026-05-25 14:52:28.858 [main] INFO  [txId=no-txn] com.zaxxer.hikari.HikariDataSource - HikariPool-1 - Shutdown completed.
2026-05-25 14:52:28.859 [main] INFO  [txId=no-txn] o.a.catalina.core.StandardService - Stopping service [Tomcat]
2026-05-25 14:52:28.871 [main] ERROR [txId=no-txn] o.s.b.d.LoggingFailureAnalysisReporter - 

***************************
APPLICATION FAILED TO START
***************************

Description:

A component required a bean named 'entityManagerFactory' that could not be found.


Action:

Consider defining a bean named 'entityManagerFactory' in your configuration.

2026-05-25 14:55:47.908 [main] INFO  [txId=no-txn] com.gym.crm.GymApplication - Starting GymApplication using Java 21.0.9 with PID 41744 (C:\Users\Денис\IdeaProjects\gym-crm\target\classes started by Денис in C:\Users\Денис\IdeaProjects\gym-crm)
2026-05-25 14:55:47.909 [main] INFO  [txId=no-txn] com.gym.crm.GymApplication - No active profile set, falling back to 1 default profile: "default"
2026-05-25 14:55:48.615 [main] INFO  [txId=no-txn] o.a.coyote.http11.Http11NioProtocol - Initializing ProtocolHandler ["http-nio-8080"]
2026-05-25 14:55:48.616 [main] INFO  [txId=no-txn] o.a.catalina.core.StandardService - Starting service [Tomcat]
2026-05-25 14:55:48.616 [main] INFO  [txId=no-txn] o.a.catalina.core.StandardEngine - Starting Servlet engine: [Apache Tomcat/10.1.41]
2026-05-25 14:55:48.690 [main] INFO  [txId=no-txn] o.apache.jasper.servlet.TldScanner - At least one JAR was scanned for TLDs yet contained no TLDs. Enable debug logging for this logger for a complete list of JARs that were scanned but no TLDs were found in them. Skipping unneeded JARs during scanning can improve startup time and JSP compilation time.
2026-05-25 14:55:48.692 [main] INFO  [txId=no-txn] o.a.c.c.C.[Tomcat].[localhost].[/] - Initializing Spring embedded WebApplicationContext
2026-05-25 14:55:48.774 [main] INFO  [txId=no-txn] com.zaxxer.hikari.HikariDataSource - HikariPool-1 - Starting...
2026-05-25 14:55:48.939 [main] INFO  [txId=no-txn] com.zaxxer.hikari.pool.HikariPool - HikariPool-1 - Added connection com.mysql.cj.jdbc.ConnectionImpl@17d2b646
2026-05-25 14:55:48.940 [main] INFO  [txId=no-txn] com.zaxxer.hikari.HikariDataSource - HikariPool-1 - Start completed.
2026-05-25 14:55:49.223 [main] INFO  [txId=no-txn] liquibase.changelog - Reading from gym_db.databasechangelog
2026-05-25 14:55:49.255 [main] INFO  [txId=no-txn] liquibase.ui - Database is up to date, no changesets to execute
2026-05-25 14:55:49.257 [main] INFO  [txId=no-txn] liquibase.changelog - Reading from gym_db.databasechangelog
2026-05-25 14:55:49.263 [main] INFO  [txId=no-txn] liquibase.util - UPDATE SUMMARY
2026-05-25 14:55:49.263 [main] INFO  [txId=no-txn] liquibase.util - Run:                          0
2026-05-25 14:55:49.263 [main] INFO  [txId=no-txn] liquibase.util - Previously run:              18
2026-05-25 14:55:49.263 [main] INFO  [txId=no-txn] liquibase.util - Filtered out:                 0
2026-05-25 14:55:49.263 [main] INFO  [txId=no-txn] liquibase.util - -------------------------------
2026-05-25 14:55:49.263 [main] INFO  [txId=no-txn] liquibase.util - Total change sets:           18
2026-05-25 14:55:49.264 [main] INFO  [txId=no-txn] liquibase.util - Update summary generated
2026-05-25 14:55:49.272 [main] INFO  [txId=no-txn] liquibase.lockservice - Successfully released change log lock
2026-05-25 14:55:49.273 [main] INFO  [txId=no-txn] liquibase.command - Command execution complete
2026-05-25 14:55:49.401 [main] WARN  [txId=no-txn] org.hibernate.orm.deprecation - HHH90000025: MySQLDialect does not need to be specified explicitly using 'hibernate.dialect' (remove the property setting and it will be selected by default)
2026-05-25 14:55:50.180 [main] WARN  [txId=no-txn] o.s.b.a.o.j.JpaBaseConfiguration$JpaWebConfiguration - spring.jpa.open-in-view is enabled by default. Therefore, database queries may be performed during view rendering. Explicitly configure spring.jpa.open-in-view to disable this warning
2026-05-25 14:55:50.379 [main] WARN  [txId=no-txn] o.s.b.w.s.c.AnnotationConfigServletWebServerApplicationContext - Exception encountered during context initialization - cancelling refresh attempt: org.springframework.beans.factory.BeanCreationException: Error creating bean with name 'jpaSharedEM_entityManagerFactory': Cannot resolve reference to bean 'entityManagerFactory' while setting constructor argument
2026-05-25 14:55:50.381 [main] INFO  [txId=no-txn] com.zaxxer.hikari.HikariDataSource - HikariPool-1 - Shutdown initiated...
2026-05-25 14:55:50.384 [main] INFO  [txId=no-txn] com.zaxxer.hikari.HikariDataSource - HikariPool-1 - Shutdown completed.
2026-05-25 14:55:50.385 [main] INFO  [txId=no-txn] o.a.catalina.core.StandardService - Stopping service [Tomcat]
2026-05-25 14:55:50.399 [main] ERROR [txId=no-txn] o.s.b.d.LoggingFailureAnalysisReporter - 

***************************
APPLICATION FAILED TO START
***************************

Description:

A component required a bean named 'entityManagerFactory' that could not be found.


Action:

Consider defining a bean named 'entityManagerFactory' in your configuration.

2026-05-25 14:57:34.484 [main] INFO  [txId=no-txn] com.gym.crm.GymApplication - Starting GymApplication using Java 21.0.9 with PID 42848 (C:\Users\Денис\IdeaProjects\gym-crm\target\classes started by Денис in C:\Users\Денис\IdeaProjects\gym-crm)
2026-05-25 14:57:34.485 [main] INFO  [txId=no-txn] com.gym.crm.GymApplication - No active profile set, falling back to 1 default profile: "default"
2026-05-25 14:57:35.235 [main] INFO  [txId=no-txn] o.a.coyote.http11.Http11NioProtocol - Initializing ProtocolHandler ["http-nio-8080"]
2026-05-25 14:57:35.236 [main] INFO  [txId=no-txn] o.a.catalina.core.StandardService - Starting service [Tomcat]
2026-05-25 14:57:35.236 [main] INFO  [txId=no-txn] o.a.catalina.core.StandardEngine - Starting Servlet engine: [Apache Tomcat/10.1.41]
2026-05-25 14:57:35.313 [main] INFO  [txId=no-txn] o.apache.jasper.servlet.TldScanner - At least one JAR was scanned for TLDs yet contained no TLDs. Enable debug logging for this logger for a complete list of JARs that were scanned but no TLDs were found in them. Skipping unneeded JARs during scanning can improve startup time and JSP compilation time.
2026-05-25 14:57:35.316 [main] INFO  [txId=no-txn] o.a.c.c.C.[Tomcat].[localhost].[/] - Initializing Spring embedded WebApplicationContext
2026-05-25 14:57:35.401 [main] INFO  [txId=no-txn] com.zaxxer.hikari.HikariDataSource - HikariPool-1 - Starting...
2026-05-25 14:57:35.565 [main] INFO  [txId=no-txn] com.zaxxer.hikari.pool.HikariPool - HikariPool-1 - Added connection com.mysql.cj.jdbc.ConnectionImpl@6eaa6b0c
2026-05-25 14:57:35.566 [main] INFO  [txId=no-txn] com.zaxxer.hikari.HikariDataSource - HikariPool-1 - Start completed.
2026-05-25 14:57:35.866 [main] INFO  [txId=no-txn] liquibase.changelog - Reading from gym_db.databasechangelog
2026-05-25 14:57:35.897 [main] INFO  [txId=no-txn] liquibase.ui - Database is up to date, no changesets to execute
2026-05-25 14:57:35.900 [main] INFO  [txId=no-txn] liquibase.changelog - Reading from gym_db.databasechangelog
2026-05-25 14:57:35.905 [main] INFO  [txId=no-txn] liquibase.util - UPDATE SUMMARY
2026-05-25 14:57:35.905 [main] INFO  [txId=no-txn] liquibase.util - Run:                          0
2026-05-25 14:57:35.905 [main] INFO  [txId=no-txn] liquibase.util - Previously run:              18
2026-05-25 14:57:35.905 [main] INFO  [txId=no-txn] liquibase.util - Filtered out:                 0
2026-05-25 14:57:35.905 [main] INFO  [txId=no-txn] liquibase.util - -------------------------------
2026-05-25 14:57:35.906 [main] INFO  [txId=no-txn] liquibase.util - Total change sets:           18
2026-05-25 14:57:35.906 [main] INFO  [txId=no-txn] liquibase.util - Update summary generated
2026-05-25 14:57:35.915 [main] INFO  [txId=no-txn] liquibase.lockservice - Successfully released change log lock
2026-05-25 14:57:35.916 [main] INFO  [txId=no-txn] liquibase.command - Command execution complete
2026-05-25 14:57:36.047 [main] WARN  [txId=no-txn] org.hibernate.orm.deprecation - HHH90000025: MySQLDialect does not need to be specified explicitly using 'hibernate.dialect' (remove the property setting and it will be selected by default)
2026-05-25 14:57:36.837 [main] WARN  [txId=no-txn] o.s.b.a.o.j.JpaBaseConfiguration$JpaWebConfiguration - spring.jpa.open-in-view is enabled by default. Therefore, database queries may be performed during view rendering. Explicitly configure spring.jpa.open-in-view to disable this warning
2026-05-25 14:57:37.020 [main] WARN  [txId=no-txn] o.s.b.w.s.c.AnnotationConfigServletWebServerApplicationContext - Exception encountered during context initialization - cancelling refresh attempt: org.springframework.beans.factory.BeanCreationException: Error creating bean with name 'jpaSharedEM_entityManagerFactory': Cannot resolve reference to bean 'entityManagerFactory' while setting constructor argument
2026-05-25 14:57:37.020 [main] INFO  [txId=no-txn] com.zaxxer.hikari.HikariDataSource - HikariPool-1 - Shutdown initiated...
2026-05-25 14:57:37.024 [main] INFO  [txId=no-txn] com.zaxxer.hikari.HikariDataSource - HikariPool-1 - Shutdown completed.
2026-05-25 14:57:37.025 [main] INFO  [txId=no-txn] o.a.catalina.core.StandardService - Stopping service [Tomcat]
2026-05-25 14:57:37.037 [main] ERROR [txId=no-txn] o.s.b.d.LoggingFailureAnalysisReporter - 

***************************
APPLICATION FAILED TO START
***************************

Description:

A component required a bean named 'entityManagerFactory' that could not be found.


Action:

Consider defining a bean named 'entityManagerFactory' in your configuration.

2026-05-25 16:11:46.702 [main] INFO  [txId=no-txn] com.gym.crm.GymApplication - Starting GymApplication using Java 21.0.9 with PID 30840 (C:\Users\Денис\IdeaProjects\gym-crm\target\classes started by Денис in C:\Users\Денис\IdeaProjects\gym-crm)
2026-05-25 16:11:46.703 [main] INFO  [txId=no-txn] com.gym.crm.GymApplication - No active profile set, falling back to 1 default profile: "default"
2026-05-25 16:11:47.426 [main] INFO  [txId=no-txn] o.a.coyote.http11.Http11NioProtocol - Initializing ProtocolHandler ["http-nio-8080"]
2026-05-25 16:11:47.427 [main] INFO  [txId=no-txn] o.a.catalina.core.StandardService - Starting service [Tomcat]
2026-05-25 16:11:47.427 [main] INFO  [txId=no-txn] o.a.catalina.core.StandardEngine - Starting Servlet engine: [Apache Tomcat/10.1.41]
2026-05-25 16:11:47.500 [main] INFO  [txId=no-txn] o.apache.jasper.servlet.TldScanner - At least one JAR was scanned for TLDs yet contained no TLDs. Enable debug logging for this logger for a complete list of JARs that were scanned but no TLDs were found in them. Skipping unneeded JARs during scanning can improve startup time and JSP compilation time.
2026-05-25 16:11:47.502 [main] INFO  [txId=no-txn] o.a.c.c.C.[Tomcat].[localhost].[/] - Initializing Spring embedded WebApplicationContext
2026-05-25 16:11:47.557 [main] WARN  [txId=no-txn] o.s.b.w.s.c.AnnotationConfigServletWebServerApplicationContext - Exception encountered during context initialization - cancelling refresh attempt: org.springframework.beans.factory.UnsatisfiedDependencyException: Error creating bean with name 'authController' defined in file [C:\Users\Денис\IdeaProjects\gym-crm\target\classes\com\gym\crm\controller\AuthController.class]: Unsatisfied dependency expressed through constructor parameter 0: Error creating bean with name 'gymFacade' defined in file [C:\Users\Денис\IdeaProjects\gym-crm\target\classes\com\gym\crm\facade\GymFacade.class]: Unsatisfied dependency expressed through constructor parameter 0: Error creating bean with name 'traineeServiceImpl' defined in file [C:\Users\Денис\IdeaProjects\gym-crm\target\classes\com\gym\crm\service\impl\TraineeServiceImpl.class]: Unsatisfied dependency expressed through constructor parameter 0: Error creating bean with name 'traineeRepository' defined in com.gym.crm.repository.TraineeRepository defined in @EnableJpaRepositories declared on JpaRepositoriesRegistrar.EnableJpaRepositoriesConfiguration: Cannot resolve reference to bean 'jpaSharedEM_entityManagerFactory' while setting bean property 'entityManager'
2026-05-25 16:11:47.558 [main] INFO  [txId=no-txn] o.a.catalina.core.StandardService - Stopping service [Tomcat]
2026-05-25 16:11:47.574 [main] ERROR [txId=no-txn] o.s.b.d.LoggingFailureAnalysisReporter - 

***************************
APPLICATION FAILED TO START
***************************

Description:

Parameter 0 of constructor in com.gym.crm.service.impl.TraineeServiceImpl required a bean named 'entityManagerFactory' that could not be found.


Action:

Consider defining a bean named 'entityManagerFactory' in your configuration.

2026-05-25 16:16:02.738 [main] INFO  [txId=no-txn] com.gym.crm.GymApplication - Starting GymApplication using Java 21.0.9 with PID 38852 (C:\Users\Денис\IdeaProjects\gym-crm\target\classes started by Денис in C:\Users\Денис\IdeaProjects\gym-crm)
2026-05-25 16:16:02.739 [main] INFO  [txId=no-txn] com.gym.crm.GymApplication - No active profile set, falling back to 1 default profile: "default"
2026-05-25 16:16:03.529 [main] INFO  [txId=no-txn] o.a.coyote.http11.Http11NioProtocol - Initializing ProtocolHandler ["http-nio-8080"]
2026-05-25 16:16:03.530 [main] INFO  [txId=no-txn] o.a.catalina.core.StandardService - Starting service [Tomcat]
2026-05-25 16:16:03.530 [main] INFO  [txId=no-txn] o.a.catalina.core.StandardEngine - Starting Servlet engine: [Apache Tomcat/10.1.41]
2026-05-25 16:16:03.612 [main] INFO  [txId=no-txn] o.apache.jasper.servlet.TldScanner - At least one JAR was scanned for TLDs yet contained no TLDs. Enable debug logging for this logger for a complete list of JARs that were scanned but no TLDs were found in them. Skipping unneeded JARs during scanning can improve startup time and JSP compilation time.
2026-05-25 16:16:03.615 [main] INFO  [txId=no-txn] o.a.c.c.C.[Tomcat].[localhost].[/] - Initializing Spring embedded WebApplicationContext
2026-05-25 16:16:03.693 [main] INFO  [txId=no-txn] com.zaxxer.hikari.HikariDataSource - HikariPool-1 - Starting...
2026-05-25 16:16:03.856 [main] INFO  [txId=no-txn] com.zaxxer.hikari.pool.HikariPool - HikariPool-1 - Added connection com.mysql.cj.jdbc.ConnectionImpl@6501b105
2026-05-25 16:16:03.857 [main] INFO  [txId=no-txn] com.zaxxer.hikari.HikariDataSource - HikariPool-1 - Start completed.
2026-05-25 16:16:04.162 [main] INFO  [txId=no-txn] liquibase.changelog - Reading from gym_db.databasechangelog
2026-05-25 16:16:04.195 [main] INFO  [txId=no-txn] liquibase.ui - Database is up to date, no changesets to execute
2026-05-25 16:16:04.197 [main] INFO  [txId=no-txn] liquibase.changelog - Reading from gym_db.databasechangelog
2026-05-25 16:16:04.203 [main] INFO  [txId=no-txn] liquibase.util - UPDATE SUMMARY
2026-05-25 16:16:04.203 [main] INFO  [txId=no-txn] liquibase.util - Run:                          0
2026-05-25 16:16:04.203 [main] INFO  [txId=no-txn] liquibase.util - Previously run:              18
2026-05-25 16:16:04.203 [main] INFO  [txId=no-txn] liquibase.util - Filtered out:                 0
2026-05-25 16:16:04.203 [main] INFO  [txId=no-txn] liquibase.util - -------------------------------
2026-05-25 16:16:04.203 [main] INFO  [txId=no-txn] liquibase.util - Total change sets:           18
2026-05-25 16:16:04.203 [main] INFO  [txId=no-txn] liquibase.util - Update summary generated
2026-05-25 16:16:04.212 [main] INFO  [txId=no-txn] liquibase.lockservice - Successfully released change log lock
2026-05-25 16:16:04.213 [main] INFO  [txId=no-txn] liquibase.command - Command execution complete
2026-05-25 16:16:04.465 [main] WARN  [txId=no-txn] org.hibernate.orm.deprecation - HHH90000025: MySQLDialect does not need to be specified explicitly using 'hibernate.dialect' (remove the property setting and it will be selected by default)
2026-05-25 16:16:05.612 [main] WARN  [txId=no-txn] o.s.b.a.o.j.JpaBaseConfiguration$JpaWebConfiguration - spring.jpa.open-in-view is enabled by default. Therefore, database queries may be performed during view rendering. Explicitly configure spring.jpa.open-in-view to disable this warning
2026-05-25 16:16:05.849 [main] INFO  [txId=no-txn] o.a.coyote.http11.Http11NioProtocol - Starting ProtocolHandler ["http-nio-8080"]
2026-05-25 16:16:05.869 [main] INFO  [txId=no-txn] com.gym.crm.GymApplication - Started GymApplication in 3.404 seconds (process running for 3.574)
2026-05-25 16:16:23.800 [http-nio-8080-exec-4] INFO  [txId=no-txn] o.a.c.c.C.[Tomcat].[localhost].[/] - Initializing Spring DispatcherServlet 'dispatcherServlet'
2026-05-25 16:16:23.805 [http-nio-8080-exec-4] INFO  [txId=02b79714-a434-4ac7-9931-35bae7159db3] c.g.c.f.TransactionLoggingFilter - >>> [POST /api/v1/trainers/register] ip=0:0:0:0:0:0:0:1 auth=null txId=02b79714-a434-4ac7-9931-35bae7159db3
2026-05-25 16:16:23.877 [http-nio-8080-exec-4] INFO  [txId=02b79714-a434-4ac7-9931-35bae7159db3] c.g.c.s.impl.TrainerServiceImpl - Creating trainer: firstName=Denys lastName=Kulikov
2026-05-25 16:16:24.105 [http-nio-8080-exec-4] INFO  [txId=02b79714-a434-4ac7-9931-35bae7159db3] c.g.c.f.TransactionLoggingFilter - <<< [POST /api/v1/trainers/register] status=200 duration=300ms
2026-05-25 16:16:36.813 [SpringApplicationShutdownHook] INFO  [txId=no-txn] com.zaxxer.hikari.HikariDataSource - HikariPool-1 - Shutdown initiated...
2026-05-25 16:16:36.817 [SpringApplicationShutdownHook] INFO  [txId=no-txn] com.zaxxer.hikari.HikariDataSource - HikariPool-1 - Shutdown completed.
2026-05-25 17:52:55.751 [main] INFO  [txId=no-txn] c.g.c.c.TraineeControllerTest - Starting TraineeControllerTest using Java 21.0.9 with PID 36708 (started by Денис in C:\Users\Денис\IdeaProjects\gym-crm)
2026-05-25 17:52:55.752 [main] INFO  [txId=no-txn] c.g.c.c.TraineeControllerTest - No active profile set, falling back to 1 default profile: "default"
2026-05-25 17:52:56.351 [main] INFO  [txId=no-txn] c.g.c.c.TraineeControllerTest - Started TraineeControllerTest in 0.882 seconds (process running for 3.062)
2026-05-25 17:52:56.374 [main] INFO  [txId=21603bb9-4171-41d6-b03f-afeae2eaab06] c.g.c.f.TransactionLoggingFilter - >>> [PUT /api/v1/trainees/tom.tomas] ip=127.0.0.1 auth=null txId=21603bb9-4171-41d6-b03f-afeae2eaab06
2026-05-25 17:52:56.384 [main] WARN  [txId=21603bb9-4171-41d6-b03f-afeae2eaab06] c.g.c.exception.ApiExceptionHandler - User authentication failed: No auth
2026-05-25 17:52:56.385 [main] WARN  [txId=21603bb9-4171-41d6-b03f-afeae2eaab06] c.g.c.f.TransactionLoggingFilter - <<< [PUT /api/v1/trainees/tom.tomas] status=401 duration=11ms body={"errorCode":2805,"errorMessage":"Authentication fails: No auth"}
2026-05-25 17:52:56.396 [main] INFO  [txId=b7d7b5cf-4b41-48c7-8c4c-9b957e54e138] c.g.c.f.TransactionLoggingFilter - >>> [GET /api/v1/trainees/tom.tomas] ip=127.0.0.1 auth=null txId=b7d7b5cf-4b41-48c7-8c4c-9b957e54e138
2026-05-25 17:52:56.398 [main] WARN  [txId=b7d7b5cf-4b41-48c7-8c4c-9b957e54e138] c.g.c.exception.ApiExceptionHandler - Requested data was not found: User not found
2026-05-25 17:52:56.399 [main] WARN  [txId=b7d7b5cf-4b41-48c7-8c4c-9b957e54e138] c.g.c.f.TransactionLoggingFilter - <<< [GET /api/v1/trainees/tom.tomas] status=404 duration=3ms body={"errorCode":2835,"errorMessage":"Requested data was not found: User not found"}
2026-05-25 17:52:56.403 [main] INFO  [txId=02dbb777-6917-4fa7-893b-ecf0f6992cb5] c.g.c.f.TransactionLoggingFilter - >>> [GET /api/v1/trainees/tom.tomas] ip=127.0.0.1 auth=null txId=02dbb777-6917-4fa7-893b-ecf0f6992cb5
2026-05-25 17:52:56.406 [main] INFO  [txId=02dbb777-6917-4fa7-893b-ecf0f6992cb5] c.g.c.f.TransactionLoggingFilter - <<< [GET /api/v1/trainees/tom.tomas] status=200 duration=3ms
2026-05-25 17:52:56.412 [main] INFO  [txId=21d8bb9c-7ab0-4257-a15b-37784b160e11] c.g.c.f.TransactionLoggingFilter - >>> [POST /api/v1/trainees/register] ip=127.0.0.1 auth=null txId=21d8bb9c-7ab0-4257-a15b-37784b160e11
2026-05-25 17:52:56.414 [main] INFO  [txId=21d8bb9c-7ab0-4257-a15b-37784b160e11] c.g.c.f.TransactionLoggingFilter - <<< [POST /api/v1/trainees/register] status=200 duration=2ms
2026-05-25 17:52:56.418 [main] INFO  [txId=3326815c-c55b-4693-88bb-193bbcdda363] c.g.c.f.TransactionLoggingFilter - >>> [POST /api/v1/trainees/register] ip=127.0.0.1 auth=null txId=3326815c-c55b-4693-88bb-193bbcdda363
2026-05-25 17:52:56.419 [main] WARN  [txId=3326815c-c55b-4693-88bb-193bbcdda363] c.g.c.exception.ApiExceptionHandler - Validation error: Invalid data
2026-05-25 17:52:56.419 [main] WARN  [txId=3326815c-c55b-4693-88bb-193bbcdda363] c.g.c.f.TransactionLoggingFilter - <<< [POST /api/v1/trainees/register] status=400 duration=1ms body={"errorCode":2760,"errorMessage":"Validation error: Invalid data"}
2026-05-25 17:52:56.421 [main] INFO  [txId=2c8e32e2-6767-4a0c-a6fa-339bc52903e9] c.g.c.f.TransactionLoggingFilter - >>> [DELETE /api/v1/trainees/tom.tomas] ip=127.0.0.1 auth=null txId=2c8e32e2-6767-4a0c-a6fa-339bc52903e9
2026-05-25 17:52:56.423 [main] INFO  [txId=2c8e32e2-6767-4a0c-a6fa-339bc52903e9] c.g.c.f.TransactionLoggingFilter - <<< [DELETE /api/v1/trainees/tom.tomas] status=200 duration=2ms
2026-05-25 17:52:56.427 [main] INFO  [txId=328537f2-48e6-4437-a16b-4b1e23126801] c.g.c.f.TransactionLoggingFilter - >>> [GET /api/v1/trainees/tom.tomas/trainings] ip=127.0.0.1 auth=null txId=328537f2-48e6-4437-a16b-4b1e23126801
2026-05-25 17:52:56.433 [main] INFO  [txId=328537f2-48e6-4437-a16b-4b1e23126801] c.g.c.f.TransactionLoggingFilter - <<< [GET /api/v1/trainees/tom.tomas/trainings] status=200 duration=6ms
2026-05-25 17:53:05.865 [main] INFO  [txId=no-txn] c.g.c.c.TraineeControllerTest - Starting TraineeControllerTest using Java 21.0.9 with PID 30700 (started by Денис in C:\Users\Денис\IdeaProjects\gym-crm)
2026-05-25 17:53:05.867 [main] INFO  [txId=no-txn] c.g.c.c.TraineeControllerTest - No active profile set, falling back to 1 default profile: "default"
2026-05-25 17:53:06.496 [main] INFO  [txId=no-txn] c.g.c.c.TraineeControllerTest - Started TraineeControllerTest in 0.97 seconds (process running for 4.397)
2026-05-25 17:53:06.516 [main] INFO  [txId=0be3ba18-7768-453c-925b-6c0537cbfe5d] c.g.c.f.TransactionLoggingFilter - >>> [PUT /api/v1/trainees/tom.tomas] ip=127.0.0.1 auth=null txId=0be3ba18-7768-453c-925b-6c0537cbfe5d
2026-05-25 17:53:06.525 [main] WARN  [txId=0be3ba18-7768-453c-925b-6c0537cbfe5d] c.g.c.exception.ApiExceptionHandler - User authentication failed: No auth
2026-05-25 17:53:06.526 [main] WARN  [txId=0be3ba18-7768-453c-925b-6c0537cbfe5d] c.g.c.f.TransactionLoggingFilter - <<< [PUT /api/v1/trainees/tom.tomas] status=401 duration=10ms body={"errorCode":2805,"errorMessage":"Authentication fails: No auth"}
2026-05-25 17:53:06.535 [main] INFO  [txId=f90aa82a-a8f6-4e58-929a-821501a12c1f] c.g.c.f.TransactionLoggingFilter - >>> [GET /api/v1/trainees/tom.tomas] ip=127.0.0.1 auth=null txId=f90aa82a-a8f6-4e58-929a-821501a12c1f
2026-05-25 17:53:06.536 [main] WARN  [txId=f90aa82a-a8f6-4e58-929a-821501a12c1f] c.g.c.exception.ApiExceptionHandler - Requested data was not found: User not found
2026-05-25 17:53:06.536 [main] WARN  [txId=f90aa82a-a8f6-4e58-929a-821501a12c1f] c.g.c.f.TransactionLoggingFilter - <<< [GET /api/v1/trainees/tom.tomas] status=404 duration=1ms body={"errorCode":2835,"errorMessage":"Requested data was not found: User not found"}
2026-05-25 17:53:06.538 [main] INFO  [txId=1e5c7c76-2a1c-48a6-b786-fca87525a9d3] c.g.c.f.TransactionLoggingFilter - >>> [GET /api/v1/trainees/tom.tomas] ip=127.0.0.1 auth=null txId=1e5c7c76-2a1c-48a6-b786-fca87525a9d3
2026-05-25 17:53:06.541 [main] INFO  [txId=1e5c7c76-2a1c-48a6-b786-fca87525a9d3] c.g.c.f.TransactionLoggingFilter - <<< [GET /api/v1/trainees/tom.tomas] status=200 duration=3ms
2026-05-25 17:53:06.544 [main] INFO  [txId=e354974d-9c73-4988-a8f6-c81312cd3020] c.g.c.f.TransactionLoggingFilter - >>> [POST /api/v1/trainees/register] ip=127.0.0.1 auth=null txId=e354974d-9c73-4988-a8f6-c81312cd3020
2026-05-25 17:53:06.547 [main] INFO  [txId=e354974d-9c73-4988-a8f6-c81312cd3020] c.g.c.f.TransactionLoggingFilter - <<< [POST /api/v1/trainees/register] status=200 duration=3ms
2026-05-25 17:53:06.549 [main] INFO  [txId=4e3908d6-6be2-498f-ba7a-164b61025b04] c.g.c.f.TransactionLoggingFilter - >>> [POST /api/v1/trainees/register] ip=127.0.0.1 auth=null txId=4e3908d6-6be2-498f-ba7a-164b61025b04
2026-05-25 17:53:06.551 [main] WARN  [txId=4e3908d6-6be2-498f-ba7a-164b61025b04] c.g.c.exception.ApiExceptionHandler - Validation error: Invalid data
2026-05-25 17:53:06.551 [main] WARN  [txId=4e3908d6-6be2-498f-ba7a-164b61025b04] c.g.c.f.TransactionLoggingFilter - <<< [POST /api/v1/trainees/register] status=400 duration=2ms body={"errorCode":2760,"errorMessage":"Validation error: Invalid data"}
2026-05-25 17:53:06.554 [main] INFO  [txId=7c7029cb-ba53-45cb-bb5c-dd55dbe6ee8d] c.g.c.f.TransactionLoggingFilter - >>> [DELETE /api/v1/trainees/tom.tomas] ip=127.0.0.1 auth=null txId=7c7029cb-ba53-45cb-bb5c-dd55dbe6ee8d
2026-05-25 17:53:06.555 [main] INFO  [txId=7c7029cb-ba53-45cb-bb5c-dd55dbe6ee8d] c.g.c.f.TransactionLoggingFilter - <<< [DELETE /api/v1/trainees/tom.tomas] status=200 duration=1ms
2026-05-25 17:53:06.557 [main] INFO  [txId=2ee9f001-06ed-4c5a-a216-2cdcf6a8cf1e] c.g.c.f.TransactionLoggingFilter - >>> [GET /api/v1/trainees/tom.tomas/trainings] ip=127.0.0.1 auth=null txId=2ee9f001-06ed-4c5a-a216-2cdcf6a8cf1e
2026-05-25 17:53:06.565 [main] INFO  [txId=2ee9f001-06ed-4c5a-a216-2cdcf6a8cf1e] c.g.c.f.TransactionLoggingFilter - <<< [GET /api/v1/trainees/tom.tomas/trainings] status=200 duration=8ms
2026-05-25 17:53:06.652 [main] INFO  [txId=no-txn] c.g.c.s.impl.TrainingServiceImpl - Creating training: null
2026-05-25 17:53:06.697 [main] INFO  [txId=no-txn] c.g.c.s.impl.TrainingServiceImpl - Getting trainee trainings by filter: Mock for TraineeTrainingFilter, hashCode: 544503202
2026-05-25 17:53:06.699 [main] INFO  [txId=no-txn] c.g.c.s.impl.TrainingServiceImpl - Getting trainer trainings by filter: Mock for TrainerTrainingFilter, hashCode: 1120466008
2026-05-25 17:53:11.821 [main] INFO  [txId=no-txn] c.g.c.c.TraineeControllerTest - Starting TraineeControllerTest using Java 21.0.9 with PID 45716 (started by Денис in C:\Users\Денис\IdeaProjects\gym-crm)
2026-05-25 17:53:11.822 [main] INFO  [txId=no-txn] c.g.c.c.TraineeControllerTest - No active profile set, falling back to 1 default profile: "default"
2026-05-25 17:53:12.454 [main] INFO  [txId=no-txn] c.g.c.c.TraineeControllerTest - Started TraineeControllerTest in 1.022 seconds (process running for 4.443)
2026-05-25 17:53:12.471 [main] INFO  [txId=4ed70394-61ae-4989-aba8-ea85444e8ab6] c.g.c.f.TransactionLoggingFilter - >>> [PUT /api/v1/trainees/tom.tomas] ip=127.0.0.1 auth=null txId=4ed70394-61ae-4989-aba8-ea85444e8ab6
2026-05-25 17:53:12.480 [main] WARN  [txId=4ed70394-61ae-4989-aba8-ea85444e8ab6] c.g.c.exception.ApiExceptionHandler - User authentication failed: No auth
2026-05-25 17:53:12.481 [main] WARN  [txId=4ed70394-61ae-4989-aba8-ea85444e8ab6] c.g.c.f.TransactionLoggingFilter - <<< [PUT /api/v1/trainees/tom.tomas] status=401 duration=10ms body={"errorCode":2805,"errorMessage":"Authentication fails: No auth"}
2026-05-25 17:53:12.489 [main] INFO  [txId=6fea2631-2dfb-4a0a-b238-7a3b58c24fa2] c.g.c.f.TransactionLoggingFilter - >>> [GET /api/v1/trainees/tom.tomas] ip=127.0.0.1 auth=null txId=6fea2631-2dfb-4a0a-b238-7a3b58c24fa2
2026-05-25 17:53:12.490 [main] WARN  [txId=6fea2631-2dfb-4a0a-b238-7a3b58c24fa2] c.g.c.exception.ApiExceptionHandler - Requested data was not found: User not found
2026-05-25 17:53:12.491 [main] WARN  [txId=6fea2631-2dfb-4a0a-b238-7a3b58c24fa2] c.g.c.f.TransactionLoggingFilter - <<< [GET /api/v1/trainees/tom.tomas] status=404 duration=2ms body={"errorCode":2835,"errorMessage":"Requested data was not found: User not found"}
2026-05-25 17:53:12.494 [main] INFO  [txId=aaae22a9-d577-401a-b6d1-9d9c99e1826c] c.g.c.f.TransactionLoggingFilter - >>> [GET /api/v1/trainees/tom.tomas] ip=127.0.0.1 auth=null txId=aaae22a9-d577-401a-b6d1-9d9c99e1826c
2026-05-25 17:53:12.497 [main] INFO  [txId=aaae22a9-d577-401a-b6d1-9d9c99e1826c] c.g.c.f.TransactionLoggingFilter - <<< [GET /api/v1/trainees/tom.tomas] status=200 duration=3ms
2026-05-25 17:53:12.501 [main] INFO  [txId=2ee4ee61-349b-41d9-ae1f-2bdd4fd088f8] c.g.c.f.TransactionLoggingFilter - >>> [POST /api/v1/trainees/register] ip=127.0.0.1 auth=null txId=2ee4ee61-349b-41d9-ae1f-2bdd4fd088f8
2026-05-25 17:53:12.503 [main] INFO  [txId=2ee4ee61-349b-41d9-ae1f-2bdd4fd088f8] c.g.c.f.TransactionLoggingFilter - <<< [POST /api/v1/trainees/register] status=200 duration=2ms
2026-05-25 17:53:12.506 [main] INFO  [txId=6d51e3b0-26b5-4c3e-b048-787b9975a374] c.g.c.f.TransactionLoggingFilter - >>> [POST /api/v1/trainees/register] ip=127.0.0.1 auth=null txId=6d51e3b0-26b5-4c3e-b048-787b9975a374
2026-05-25 17:53:12.507 [main] WARN  [txId=6d51e3b0-26b5-4c3e-b048-787b9975a374] c.g.c.exception.ApiExceptionHandler - Validation error: Invalid data
2026-05-25 17:53:12.507 [main] WARN  [txId=6d51e3b0-26b5-4c3e-b048-787b9975a374] c.g.c.f.TransactionLoggingFilter - <<< [POST /api/v1/trainees/register] status=400 duration=1ms body={"errorCode":2760,"errorMessage":"Validation error: Invalid data"}
2026-05-25 17:53:12.515 [main] INFO  [txId=634c476b-dd66-458d-a9df-c8ca11b73858] c.g.c.f.TransactionLoggingFilter - >>> [DELETE /api/v1/trainees/tom.tomas] ip=127.0.0.1 auth=null txId=634c476b-dd66-458d-a9df-c8ca11b73858
2026-05-25 17:53:12.518 [main] INFO  [txId=634c476b-dd66-458d-a9df-c8ca11b73858] c.g.c.f.TransactionLoggingFilter - <<< [DELETE /api/v1/trainees/tom.tomas] status=200 duration=3ms
2026-05-25 17:53:12.532 [main] INFO  [txId=af538b25-0ef8-4438-9eaf-c4be6d9241d0] c.g.c.f.TransactionLoggingFilter - >>> [GET /api/v1/trainees/tom.tomas/trainings] ip=127.0.0.1 auth=null txId=af538b25-0ef8-4438-9eaf-c4be6d9241d0
2026-05-25 17:53:12.537 [main] INFO  [txId=af538b25-0ef8-4438-9eaf-c4be6d9241d0] c.g.c.f.TransactionLoggingFilter - <<< [GET /api/v1/trainees/tom.tomas/trainings] status=200 duration=5ms
2026-05-25 17:53:12.618 [main] INFO  [txId=no-txn] c.g.c.s.impl.TrainingServiceImpl - Creating training: null
2026-05-25 17:53:12.663 [main] INFO  [txId=no-txn] c.g.c.s.impl.TrainingServiceImpl - Getting trainee trainings by filter: Mock for TraineeTrainingFilter, hashCode: 264685626
2026-05-25 17:53:12.665 [main] INFO  [txId=no-txn] c.g.c.s.impl.TrainingServiceImpl - Getting trainer trainings by filter: Mock for TrainerTrainingFilter, hashCode: 851316413
2026-05-25 18:15:04.391 [main] INFO  [txId=no-txn] c.g.c.c.TraineeControllerTest - Starting TraineeControllerTest using Java 21.0.9 with PID 32012 (started by Денис in C:\Users\Денис\IdeaProjects\gym-crm)
2026-05-25 18:15:04.393 [main] INFO  [txId=no-txn] c.g.c.c.TraineeControllerTest - No active profile set, falling back to 1 default profile: "default"
2026-05-25 18:15:04.931 [main] INFO  [txId=no-txn] c.g.c.c.TraineeControllerTest - Started TraineeControllerTest in 0.889 seconds (process running for 2.982)
2026-05-25 18:15:04.954 [main] INFO  [txId=d0520e70-3bac-4694-8251-3df718c7e1f7] c.g.c.f.TransactionLoggingFilter - >>> [PUT /api/v1/trainees/tom.tomas] ip=127.0.0.1 auth=null txId=d0520e70-3bac-4694-8251-3df718c7e1f7
2026-05-25 18:15:04.964 [main] WARN  [txId=d0520e70-3bac-4694-8251-3df718c7e1f7] c.g.c.exception.ApiExceptionHandler - User authentication failed: No auth
2026-05-25 18:15:04.966 [main] WARN  [txId=d0520e70-3bac-4694-8251-3df718c7e1f7] c.g.c.f.TransactionLoggingFilter - <<< [PUT /api/v1/trainees/tom.tomas] status=401 duration=13ms body={"errorCode":2805,"errorMessage":"Authentication fails: No auth"}
2026-05-25 18:15:04.974 [main] INFO  [txId=c0c8d25e-baa7-4d70-824c-60fdf279969a] c.g.c.f.TransactionLoggingFilter - >>> [GET /api/v1/trainees/tom.tomas] ip=127.0.0.1 auth=null txId=c0c8d25e-baa7-4d70-824c-60fdf279969a
2026-05-25 18:15:04.976 [main] WARN  [txId=c0c8d25e-baa7-4d70-824c-60fdf279969a] c.g.c.exception.ApiExceptionHandler - Requested data was not found: User not found
2026-05-25 18:15:04.976 [main] WARN  [txId=c0c8d25e-baa7-4d70-824c-60fdf279969a] c.g.c.f.TransactionLoggingFilter - <<< [GET /api/v1/trainees/tom.tomas] status=404 duration=2ms body={"errorCode":2835,"errorMessage":"Requested data was not found: User not found"}
2026-05-25 18:15:04.978 [main] INFO  [txId=2a72b668-b799-4a9a-9a6b-a1ad2ed19d04] c.g.c.f.TransactionLoggingFilter - >>> [GET /api/v1/trainees/tom.tomas] ip=127.0.0.1 auth=null txId=2a72b668-b799-4a9a-9a6b-a1ad2ed19d04
2026-05-25 18:15:04.982 [main] INFO  [txId=2a72b668-b799-4a9a-9a6b-a1ad2ed19d04] c.g.c.f.TransactionLoggingFilter - <<< [GET /api/v1/trainees/tom.tomas] status=200 duration=4ms
2026-05-25 18:15:04.986 [main] INFO  [txId=0eb3a2f8-e59f-4f61-8c2d-7dbb14f60306] c.g.c.f.TransactionLoggingFilter - >>> [POST /api/v1/trainees/register] ip=127.0.0.1 auth=null txId=0eb3a2f8-e59f-4f61-8c2d-7dbb14f60306
2026-05-25 18:15:04.988 [main] INFO  [txId=0eb3a2f8-e59f-4f61-8c2d-7dbb14f60306] c.g.c.f.TransactionLoggingFilter - <<< [POST /api/v1/trainees/register] status=200 duration=2ms
2026-05-25 18:15:04.991 [main] INFO  [txId=fd278113-4ede-479b-9dfd-0561aa035a18] c.g.c.f.TransactionLoggingFilter - >>> [POST /api/v1/trainees/register] ip=127.0.0.1 auth=null txId=fd278113-4ede-479b-9dfd-0561aa035a18
2026-05-25 18:15:04.992 [main] WARN  [txId=fd278113-4ede-479b-9dfd-0561aa035a18] c.g.c.exception.ApiExceptionHandler - Validation error: Invalid data
2026-05-25 18:15:04.993 [main] WARN  [txId=fd278113-4ede-479b-9dfd-0561aa035a18] c.g.c.f.TransactionLoggingFilter - <<< [POST /api/v1/trainees/register] status=400 duration=2ms body={"errorCode":2760,"errorMessage":"Validation error: Invalid data"}
2026-05-25 18:15:04.995 [main] INFO  [txId=8d1ed5c7-8f0b-4d58-9148-f7aeb031c57e] c.g.c.f.TransactionLoggingFilter - >>> [DELETE /api/v1/trainees/tom.tomas] ip=127.0.0.1 auth=null txId=8d1ed5c7-8f0b-4d58-9148-f7aeb031c57e
2026-05-25 18:15:04.996 [main] INFO  [txId=8d1ed5c7-8f0b-4d58-9148-f7aeb031c57e] c.g.c.f.TransactionLoggingFilter - <<< [DELETE /api/v1/trainees/tom.tomas] status=200 duration=1ms
2026-05-25 18:15:04.998 [main] INFO  [txId=8fa06025-7cb7-4f2a-80ec-e5b74fc35010] c.g.c.f.TransactionLoggingFilter - >>> [GET /api/v1/trainees/tom.tomas/trainings] ip=127.0.0.1 auth=null txId=8fa06025-7cb7-4f2a-80ec-e5b74fc35010
2026-05-25 18:15:05.004 [main] INFO  [txId=8fa06025-7cb7-4f2a-80ec-e5b74fc35010] c.g.c.f.TransactionLoggingFilter - <<< [GET /api/v1/trainees/tom.tomas/trainings] status=200 duration=6ms
2026-05-25 18:15:16.384 [main] INFO  [txId=no-txn] c.g.c.c.TraineeControllerTest - Starting TraineeControllerTest using Java 21.0.9 with PID 36736 (started by Денис in C:\Users\Денис\IdeaProjects\gym-crm)
2026-05-25 18:15:16.385 [main] INFO  [txId=no-txn] c.g.c.c.TraineeControllerTest - No active profile set, falling back to 1 default profile: "default"
2026-05-25 18:15:16.995 [main] INFO  [txId=no-txn] c.g.c.c.TraineeControllerTest - Started TraineeControllerTest in 0.955 seconds (process running for 4.315)
2026-05-25 18:15:17.014 [main] INFO  [txId=59c398ad-5b00-4d1a-8ead-a6c7f507e227] c.g.c.f.TransactionLoggingFilter - >>> [PUT /api/v1/trainees/tom.tomas] ip=127.0.0.1 auth=null txId=59c398ad-5b00-4d1a-8ead-a6c7f507e227
2026-05-25 18:15:17.023 [main] WARN  [txId=59c398ad-5b00-4d1a-8ead-a6c7f507e227] c.g.c.exception.ApiExceptionHandler - User authentication failed: No auth
2026-05-25 18:15:17.025 [main] WARN  [txId=59c398ad-5b00-4d1a-8ead-a6c7f507e227] c.g.c.f.TransactionLoggingFilter - <<< [PUT /api/v1/trainees/tom.tomas] status=401 duration=11ms body={"errorCode":2805,"errorMessage":"Authentication fails: No auth"}
2026-05-25 18:15:17.034 [main] INFO  [txId=cc39bd08-a7c5-4d53-8ccc-ab152002f888] c.g.c.f.TransactionLoggingFilter - >>> [GET /api/v1/trainees/tom.tomas] ip=127.0.0.1 auth=null txId=cc39bd08-a7c5-4d53-8ccc-ab152002f888
2026-05-25 18:15:17.035 [main] WARN  [txId=cc39bd08-a7c5-4d53-8ccc-ab152002f888] c.g.c.exception.ApiExceptionHandler - Requested data was not found: User not found
2026-05-25 18:15:17.035 [main] WARN  [txId=cc39bd08-a7c5-4d53-8ccc-ab152002f888] c.g.c.f.TransactionLoggingFilter - <<< [GET /api/v1/trainees/tom.tomas] status=404 duration=1ms body={"errorCode":2835,"errorMessage":"Requested data was not found: User not found"}
2026-05-25 18:15:17.038 [main] INFO  [txId=5d1abc9f-7af1-4632-a0ab-09bbe65ae965] c.g.c.f.TransactionLoggingFilter - >>> [GET /api/v1/trainees/tom.tomas] ip=127.0.0.1 auth=null txId=5d1abc9f-7af1-4632-a0ab-09bbe65ae965
2026-05-25 18:15:17.041 [main] INFO  [txId=5d1abc9f-7af1-4632-a0ab-09bbe65ae965] c.g.c.f.TransactionLoggingFilter - <<< [GET /api/v1/trainees/tom.tomas] status=200 duration=3ms
2026-05-25 18:15:17.043 [main] INFO  [txId=2c2690c3-3fe9-4afb-aed3-9c0d3b1b9c0f] c.g.c.f.TransactionLoggingFilter - >>> [POST /api/v1/trainees/register] ip=127.0.0.1 auth=null txId=2c2690c3-3fe9-4afb-aed3-9c0d3b1b9c0f
2026-05-25 18:15:17.046 [main] INFO  [txId=2c2690c3-3fe9-4afb-aed3-9c0d3b1b9c0f] c.g.c.f.TransactionLoggingFilter - <<< [POST /api/v1/trainees/register] status=200 duration=3ms
2026-05-25 18:15:17.049 [main] INFO  [txId=6c77c7b2-92ad-45d5-b01f-cd1ccf2e0afb] c.g.c.f.TransactionLoggingFilter - >>> [POST /api/v1/trainees/register] ip=127.0.0.1 auth=null txId=6c77c7b2-92ad-45d5-b01f-cd1ccf2e0afb
2026-05-25 18:15:17.050 [main] WARN  [txId=6c77c7b2-92ad-45d5-b01f-cd1ccf2e0afb] c.g.c.exception.ApiExceptionHandler - Validation error: Invalid data
2026-05-25 18:15:17.050 [main] WARN  [txId=6c77c7b2-92ad-45d5-b01f-cd1ccf2e0afb] c.g.c.f.TransactionLoggingFilter - <<< [POST /api/v1/trainees/register] status=400 duration=1ms body={"errorCode":2760,"errorMessage":"Validation error: Invalid data"}
2026-05-25 18:15:17.053 [main] INFO  [txId=72d2e2b5-efaf-43fc-9ef1-aa9411c74af2] c.g.c.f.TransactionLoggingFilter - >>> [DELETE /api/v1/trainees/tom.tomas] ip=127.0.0.1 auth=null txId=72d2e2b5-efaf-43fc-9ef1-aa9411c74af2
2026-05-25 18:15:17.054 [main] INFO  [txId=72d2e2b5-efaf-43fc-9ef1-aa9411c74af2] c.g.c.f.TransactionLoggingFilter - <<< [DELETE /api/v1/trainees/tom.tomas] status=200 duration=1ms
2026-05-25 18:15:17.056 [main] INFO  [txId=143df49d-e4f8-43d2-b772-1e11d5e1f8ae] c.g.c.f.TransactionLoggingFilter - >>> [GET /api/v1/trainees/tom.tomas/trainings] ip=127.0.0.1 auth=null txId=143df49d-e4f8-43d2-b772-1e11d5e1f8ae
2026-05-25 18:15:17.059 [main] INFO  [txId=143df49d-e4f8-43d2-b772-1e11d5e1f8ae] c.g.c.f.TransactionLoggingFilter - <<< [GET /api/v1/trainees/tom.tomas/trainings] status=200 duration=3ms
2026-05-25 18:15:17.142 [main] INFO  [txId=no-txn] c.g.c.s.impl.TrainingServiceImpl - Creating training: null
2026-05-25 18:15:17.193 [main] INFO  [txId=no-txn] c.g.c.s.impl.TrainingServiceImpl - Getting trainee trainings by filter: Mock for TraineeTrainingFilter, hashCode: 19068298
2026-05-25 18:15:17.206 [main] INFO  [txId=no-txn] c.g.c.s.impl.TrainingServiceImpl - Getting trainer trainings by filter: Mock for TrainerTrainingFilter, hashCode: 726083556
2026-05-25 18:19:58.192 [main] INFO  [txId=no-txn] c.g.c.c.TraineeControllerTest - Starting TraineeControllerTest using Java 21.0.9 with PID 46824 (started by Денис in C:\Users\Денис\IdeaProjects\gym-crm)
2026-05-25 18:19:58.193 [main] INFO  [txId=no-txn] c.g.c.c.TraineeControllerTest - No active profile set, falling back to 1 default profile: "default"
2026-05-25 18:19:58.889 [main] INFO  [txId=no-txn] c.g.c.c.TraineeControllerTest - Started TraineeControllerTest in 1.103 seconds (process running for 4.514)
2026-05-25 18:19:58.905 [main] INFO  [txId=bddfc3bc-de40-47d9-93e3-0b20ef56ddc0] c.g.c.f.TransactionLoggingFilter - >>> [PUT /api/v1/trainees/tom.tomas] ip=127.0.0.1 auth=null txId=bddfc3bc-de40-47d9-93e3-0b20ef56ddc0
2026-05-25 18:19:58.913 [main] WARN  [txId=bddfc3bc-de40-47d9-93e3-0b20ef56ddc0] c.g.c.exception.ApiExceptionHandler - User authentication failed: No auth
2026-05-25 18:19:58.915 [main] WARN  [txId=bddfc3bc-de40-47d9-93e3-0b20ef56ddc0] c.g.c.f.TransactionLoggingFilter - <<< [PUT /api/v1/trainees/tom.tomas] status=401 duration=10ms body={"errorCode":2805,"errorMessage":"Authentication fails: No auth"}
2026-05-25 18:19:58.923 [main] INFO  [txId=712e50fe-5c2c-4aef-bab7-79ab98579965] c.g.c.f.TransactionLoggingFilter - >>> [GET /api/v1/trainees/tom.tomas] ip=127.0.0.1 auth=null txId=712e50fe-5c2c-4aef-bab7-79ab98579965
2026-05-25 18:19:58.925 [main] WARN  [txId=712e50fe-5c2c-4aef-bab7-79ab98579965] c.g.c.exception.ApiExceptionHandler - Requested data was not found: User not found
2026-05-25 18:19:58.925 [main] WARN  [txId=712e50fe-5c2c-4aef-bab7-79ab98579965] c.g.c.f.TransactionLoggingFilter - <<< [GET /api/v1/trainees/tom.tomas] status=404 duration=2ms body={"errorCode":2835,"errorMessage":"Requested data was not found: User not found"}
2026-05-25 18:19:58.928 [main] INFO  [txId=d1d92364-0bd8-4f24-aa03-fcd4d6160922] c.g.c.f.TransactionLoggingFilter - >>> [GET /api/v1/trainees/tom.tomas] ip=127.0.0.1 auth=null txId=d1d92364-0bd8-4f24-aa03-fcd4d6160922
2026-05-25 18:19:58.931 [main] INFO  [txId=d1d92364-0bd8-4f24-aa03-fcd4d6160922] c.g.c.f.TransactionLoggingFilter - <<< [GET /api/v1/trainees/tom.tomas] status=200 duration=3ms
2026-05-25 18:19:58.933 [main] INFO  [txId=057eae99-71a3-4b2e-95cb-d1269a6f0139] c.g.c.f.TransactionLoggingFilter - >>> [POST /api/v1/trainees/register] ip=127.0.0.1 auth=null txId=057eae99-71a3-4b2e-95cb-d1269a6f0139
2026-05-25 18:19:58.936 [main] INFO  [txId=057eae99-71a3-4b2e-95cb-d1269a6f0139] c.g.c.f.TransactionLoggingFilter - <<< [POST /api/v1/trainees/register] status=200 duration=3ms
2026-05-25 18:19:58.938 [main] INFO  [txId=05c7d026-f4db-4f51-99d3-b068f6999f16] c.g.c.f.TransactionLoggingFilter - >>> [POST /api/v1/trainees/register] ip=127.0.0.1 auth=null txId=05c7d026-f4db-4f51-99d3-b068f6999f16
2026-05-25 18:19:58.940 [main] WARN  [txId=05c7d026-f4db-4f51-99d3-b068f6999f16] c.g.c.exception.ApiExceptionHandler - Validation error: Invalid data
2026-05-25 18:19:58.940 [main] WARN  [txId=05c7d026-f4db-4f51-99d3-b068f6999f16] c.g.c.f.TransactionLoggingFilter - <<< [POST /api/v1/trainees/register] status=400 duration=2ms body={"errorCode":2760,"errorMessage":"Validation error: Invalid data"}
2026-05-25 18:19:58.942 [main] INFO  [txId=1fb760fd-1899-45a5-a964-fea0a9b1bf4d] c.g.c.f.TransactionLoggingFilter - >>> [DELETE /api/v1/trainees/tom.tomas] ip=127.0.0.1 auth=null txId=1fb760fd-1899-45a5-a964-fea0a9b1bf4d
2026-05-25 18:19:58.943 [main] INFO  [txId=1fb760fd-1899-45a5-a964-fea0a9b1bf4d] c.g.c.f.TransactionLoggingFilter - <<< [DELETE /api/v1/trainees/tom.tomas] status=200 duration=1ms
2026-05-25 18:19:58.945 [main] INFO  [txId=b98337f0-2704-43d9-8d3a-99aa773ff61e] c.g.c.f.TransactionLoggingFilter - >>> [GET /api/v1/trainees/tom.tomas/trainings] ip=127.0.0.1 auth=null txId=b98337f0-2704-43d9-8d3a-99aa773ff61e
2026-05-25 18:19:58.950 [main] INFO  [txId=b98337f0-2704-43d9-8d3a-99aa773ff61e] c.g.c.f.TransactionLoggingFilter - <<< [GET /api/v1/trainees/tom.tomas/trainings] status=200 duration=5ms
2026-05-25 18:19:59.027 [main] INFO  [txId=no-txn] c.g.c.s.impl.TrainingServiceImpl - Creating training: null
2026-05-25 18:19:59.068 [main] INFO  [txId=no-txn] c.g.c.s.impl.TrainingServiceImpl - Getting trainee trainings by filter: Mock for TraineeTrainingFilter, hashCode: 2041609421
2026-05-25 18:19:59.071 [main] INFO  [txId=no-txn] c.g.c.s.impl.TrainingServiceImpl - Getting trainer trainings by filter: Mock for TrainerTrainingFilter, hashCode: 927226967
2026-05-25 18:37:12.325 [main] INFO  [txId=no-txn] c.g.c.c.TraineeControllerTest - Starting TraineeControllerTest using Java 21.0.9 with PID 35352 (started by Денис in C:\Users\Денис\IdeaProjects\gym-crm)
2026-05-25 18:37:12.326 [main] INFO  [txId=no-txn] c.g.c.c.TraineeControllerTest - No active profile set, falling back to 1 default profile: "default"
2026-05-25 18:37:13.035 [main] INFO  [txId=no-txn] c.g.c.c.TraineeControllerTest - Started TraineeControllerTest in 1.076 seconds (process running for 4.44)
2026-05-25 18:37:13.053 [main] INFO  [txId=5033ea83-483b-45c4-a7ef-903d116e50c3] c.g.c.f.TransactionLoggingFilter - >>> [PUT /api/v1/trainees/tom.tomas] ip=127.0.0.1 auth=null txId=5033ea83-483b-45c4-a7ef-903d116e50c3
2026-05-25 18:37:13.062 [main] WARN  [txId=5033ea83-483b-45c4-a7ef-903d116e50c3] c.g.c.exception.ApiExceptionHandler - User authentication failed: No auth
2026-05-25 18:37:13.063 [main] WARN  [txId=5033ea83-483b-45c4-a7ef-903d116e50c3] c.g.c.f.TransactionLoggingFilter - <<< [PUT /api/v1/trainees/tom.tomas] status=401 duration=10ms body={"errorCode":2805,"errorMessage":"Authentication fails: No auth"}
2026-05-25 18:37:13.072 [main] INFO  [txId=870753e6-84c2-442d-8a3e-d7f5ef8b4b1e] c.g.c.f.TransactionLoggingFilter - >>> [GET /api/v1/trainees/tom.tomas] ip=127.0.0.1 auth=null txId=870753e6-84c2-442d-8a3e-d7f5ef8b4b1e
2026-05-25 18:37:13.073 [main] WARN  [txId=870753e6-84c2-442d-8a3e-d7f5ef8b4b1e] c.g.c.exception.ApiExceptionHandler - Requested data was not found: User not found
2026-05-25 18:37:13.073 [main] WARN  [txId=870753e6-84c2-442d-8a3e-d7f5ef8b4b1e] c.g.c.f.TransactionLoggingFilter - <<< [GET /api/v1/trainees/tom.tomas] status=404 duration=1ms body={"errorCode":2835,"errorMessage":"Requested data was not found: User not found"}
2026-05-25 18:37:13.075 [main] INFO  [txId=d07be9f0-f578-4ea6-becb-67dedfcad304] c.g.c.f.TransactionLoggingFilter - >>> [GET /api/v1/trainees/tom.tomas] ip=127.0.0.1 auth=null txId=d07be9f0-f578-4ea6-becb-67dedfcad304
2026-05-25 18:37:13.078 [main] INFO  [txId=d07be9f0-f578-4ea6-becb-67dedfcad304] c.g.c.f.TransactionLoggingFilter - <<< [GET /api/v1/trainees/tom.tomas] status=200 duration=3ms
2026-05-25 18:37:13.081 [main] INFO  [txId=714c013d-f5e4-4344-b5ed-f7ba766fe7db] c.g.c.f.TransactionLoggingFilter - >>> [POST /api/v1/trainees/register] ip=127.0.0.1 auth=null txId=714c013d-f5e4-4344-b5ed-f7ba766fe7db
2026-05-25 18:37:13.083 [main] INFO  [txId=714c013d-f5e4-4344-b5ed-f7ba766fe7db] c.g.c.f.TransactionLoggingFilter - <<< [POST /api/v1/trainees/register] status=200 duration=2ms
2026-05-25 18:37:13.086 [main] INFO  [txId=8fa9a289-45fa-4c9d-aa0c-574b2f830a50] c.g.c.f.TransactionLoggingFilter - >>> [POST /api/v1/trainees/register] ip=127.0.0.1 auth=null txId=8fa9a289-45fa-4c9d-aa0c-574b2f830a50
2026-05-25 18:37:13.087 [main] WARN  [txId=8fa9a289-45fa-4c9d-aa0c-574b2f830a50] c.g.c.exception.ApiExceptionHandler - Validation error: Invalid data
2026-05-25 18:37:13.087 [main] WARN  [txId=8fa9a289-45fa-4c9d-aa0c-574b2f830a50] c.g.c.f.TransactionLoggingFilter - <<< [POST /api/v1/trainees/register] status=400 duration=1ms body={"errorCode":2760,"errorMessage":"Validation error: Invalid data"}
2026-05-25 18:37:13.089 [main] INFO  [txId=9d364c02-a3a3-49a3-8fbb-7adae2e956fe] c.g.c.f.TransactionLoggingFilter - >>> [DELETE /api/v1/trainees/tom.tomas] ip=127.0.0.1 auth=null txId=9d364c02-a3a3-49a3-8fbb-7adae2e956fe
2026-05-25 18:37:13.090 [main] INFO  [txId=9d364c02-a3a3-49a3-8fbb-7adae2e956fe] c.g.c.f.TransactionLoggingFilter - <<< [DELETE /api/v1/trainees/tom.tomas] status=200 duration=1ms
2026-05-25 18:37:13.092 [main] INFO  [txId=05319bc7-9f6d-42aa-8ab6-903282bf30e2] c.g.c.f.TransactionLoggingFilter - >>> [GET /api/v1/trainees/tom.tomas/trainings] ip=127.0.0.1 auth=null txId=05319bc7-9f6d-42aa-8ab6-903282bf30e2
2026-05-25 18:37:13.096 [main] INFO  [txId=05319bc7-9f6d-42aa-8ab6-903282bf30e2] c.g.c.f.TransactionLoggingFilter - <<< [GET /api/v1/trainees/tom.tomas/trainings] status=200 duration=4ms
2026-05-25 18:37:13.176 [main] INFO  [txId=no-txn] c.g.c.s.impl.TrainingServiceImpl - Creating training: null
2026-05-25 18:37:13.220 [main] INFO  [txId=no-txn] c.g.c.s.impl.TrainingServiceImpl - Getting trainee trainings by filter: Mock for TraineeTrainingFilter, hashCode: 1410723144
2026-05-25 18:37:13.222 [main] INFO  [txId=no-txn] c.g.c.s.impl.TrainingServiceImpl - Getting trainer trainings by filter: Mock for TrainerTrainingFilter, hashCode: 2084100118
2026-05-25 18:43:24.803 [main] INFO  [txId=no-txn] com.gym.crm.GymApplicationTest - Starting GymApplicationTest using Java 21.0.9 with PID 47056 (started by Денис in C:\Users\Денис\IdeaProjects\gym-crm)
2026-05-25 18:43:24.803 [main] INFO  [txId=no-txn] com.gym.crm.GymApplicationTest - No active profile set, falling back to 1 default profile: "default"
2026-05-25 18:43:25.269 [main] WARN  [txId=no-txn] o.s.w.c.s.GenericWebApplicationContext - Exception encountered during context initialization - cancelling refresh attempt: org.springframework.beans.factory.support.BeanDefinitionOverrideException: Invalid bean definition with name 'passwordEncoder' defined in class path resource [com/gym/crm/config/AppConfig.class]: Cannot register bean definition [Root bean: class=null; scope=; abstract=false; lazyInit=null; autowireMode=3; dependencyCheck=0; autowireCandidate=true; primary=false; fallback=false; factoryBeanName=appConfig; factoryMethodName=passwordEncoder; initMethodNames=null; destroyMethodNames=[(inferred)]; defined in class path resource [com/gym/crm/config/AppConfig.class]] for bean 'passwordEncoder' since there is already [Root bean: class=null; scope=; abstract=false; lazyInit=null; autowireMode=3; dependencyCheck=0; autowireCandidate=true; primary=false; fallback=false; factoryBeanName=testAppConfig; factoryMethodName=passwordEncoder; initMethodNames=null; destroyMethodNames=[(inferred)]; defined in class path resource [com/gym/crm/config/TestAppConfig.class]] bound.
2026-05-25 18:43:25.322 [main] ERROR [txId=no-txn] o.s.b.d.LoggingFailureAnalysisReporter - 

***************************
APPLICATION FAILED TO START
***************************

Description:

The bean 'passwordEncoder', defined in class path resource [com/gym/crm/config/AppConfig.class], could not be registered. A bean with that name has already been defined in class path resource [com/gym/crm/config/TestAppConfig.class] and overriding is disabled.

Action:

Consider renaming one of the beans or enabling overriding by setting spring.main.allow-bean-definition-overriding=true

2026-05-25 18:43:25.324 [main] WARN  [txId=no-txn] o.s.test.context.TestContextManager - Caught exception while allowing TestExecutionListener [org.springframework.test.context.web.ServletTestExecutionListener] to prepare test instance [com.gym.crm.GymApplicationTest@539a138b]
java.lang.IllegalStateException: Failed to load ApplicationContext for [WebMergedContextConfiguration@12b5736c testClass = com.gym.crm.GymApplicationTest, locations = [], classes = [com.gym.crm.GymApplication], contextInitializerClasses = [], activeProfiles = [], propertySourceDescriptors = [], propertySourceProperties = ["org.springframework.boot.test.context.SpringBootTestContextBootstrapper=true"], contextCustomizers = [org.springframework.boot.test.context.filter.ExcludeFilterContextCustomizer@10289886, org.springframework.boot.test.json.DuplicateJsonObjectContextCustomizerFactory$DuplicateJsonObjectContextCustomizer@7068e664, org.springframework.boot.test.mock.mockito.MockitoContextCustomizer@0, org.springframework.boot.test.web.client.TestRestTemplateContextCustomizer@4a07d605, org.springframework.boot.test.web.reactor.netty.DisableReactorResourceFactoryGlobalResourcesContextCustomizerFactory$DisableReactorResourceFactoryGlobalResourcesContextCustomizerCustomizer@5852c06f, org.springframework.boot.test.autoconfigure.OnFailureConditionReportContextCustomizerFactory$OnFailureConditionReportContextCustomizer@76b07f29, org.springframework.boot.test.autoconfigure.actuate.observability.ObservabilityContextCustomizerFactory$DisableObservabilityContextCustomizer@1f, org.springframework.boot.test.autoconfigure.properties.PropertyMappingContextCustomizer@0, org.springframework.boot.test.autoconfigure.web.servlet.WebDriverContextCustomizer@478db956, org.springframework.test.context.support.DynamicPropertiesContextCustomizer@0, org.springframework.boot.test.context.SpringBootTestAnnotation@b1ccda01], resourceBasePath = "src/main/webapp", contextLoader = org.springframework.boot.test.context.SpringBootContextLoader, parent = null]
	at org.springframework.test.context.cache.DefaultCacheAwareContextLoaderDelegate.loadContext(DefaultCacheAwareContextLoaderDelegate.java:180)
	at org.springframework.test.context.support.DefaultTestContext.getApplicationContext(DefaultTestContext.java:130)
	at org.springframework.test.context.web.ServletTestExecutionListener.setUpRequestContextIfNecessary(ServletTestExecutionListener.java:200)
	at org.springframework.test.context.web.ServletTestExecutionListener.prepareTestInstance(ServletTestExecutionListener.java:139)
	at org.springframework.test.context.TestContextManager.prepareTestInstance(TestContextManager.java:260)
	at org.springframework.test.context.junit.jupiter.SpringExtension.postProcessTestInstance(SpringExtension.java:159)
	at org.junit.jupiter.engine.descriptor.ClassBasedTestDescriptor.lambda$invokeTestInstancePostProcessors$10(ClassBasedTestDescriptor.java:383)
	at org.junit.jupiter.engine.descriptor.ClassBasedTestDescriptor.executeAndMaskThrowable(ClassBasedTestDescriptor.java:388)
	at org.junit.jupiter.engine.descriptor.ClassBasedTestDescriptor.lambda$invokeTestInstancePostProcessors$11(ClassBasedTestDescriptor.java:382)
	at java.base/java.util.stream.ForEachOps$ForEachOp$OfRef.accept(ForEachOps.java:184)
	at java.base/java.util.stream.ReferencePipeline$3$1.accept(ReferencePipeline.java:197)
	at java.base/java.util.stream.ReferencePipeline$2$1.accept(ReferencePipeline.java:179)
	at java.base/java.util.stream.ReferencePipeline$3$1.accept(ReferencePipeline.java:197)
	at java.base/java.util.ArrayList$ArrayListSpliterator.forEachRemaining(ArrayList.java:1708)
	at java.base/java.util.stream.AbstractPipeline.copyInto(AbstractPipeline.java:509)
	at java.base/java.util.stream.AbstractPipeline.wrapAndCopyInto(AbstractPipeline.java:499)
	at java.base/java.util.stream.ForEachOps$ForEachOp.evaluateSequential(ForEachOps.java:151)
	at java.base/java.util.stream.ForEachOps$ForEachOp$OfRef.evaluateSequential(ForEachOps.java:174)
	at java.base/java.util.stream.AbstractPipeline.evaluate(AbstractPipeline.java:234)
	at java.base/java.util.stream.ReferencePipeline.forEach(ReferencePipeline.java:596)
	at org.junit.jupiter.engine.descriptor.ClassBasedTestDescriptor.invokeTestInstancePostProcessors(ClassBasedTestDescriptor.java:382)
	at org.junit.jupiter.engine.descriptor.ClassBasedTestDescriptor.lambda$instantiateAndPostProcessTestInstance$6(ClassBasedTestDescriptor.java:293)
	at org.junit.platform.engine.support.hierarchical.ThrowableCollector.execute(ThrowableCollector.java:73)
	at org.junit.jupiter.engine.descriptor.ClassBasedTestDescriptor.instantiateAndPostProcessTestInstance(ClassBasedTestDescriptor.java:292)
	at org.junit.jupiter.engine.descriptor.ClassBasedTestDescriptor.lambda$testInstancesProvider$4(ClassBasedTestDescriptor.java:281)
	at java.base/java.util.Optional.orElseGet(Optional.java:364)
	at org.junit.jupiter.engine.descriptor.ClassBasedTestDescriptor.lambda$testInstancesProvider$5(ClassBasedTestDescriptor.java:280)
	at org.junit.jupiter.engine.execution.TestInstancesProvider.getTestInstances(TestInstancesProvider.java:27)
	at org.junit.jupiter.engine.descriptor.TestMethodTestDescriptor.lambda$prepare$0(TestMethodTestDescriptor.java:112)
	at org.junit.platform.engine.support.hierarchical.ThrowableCollector.execute(ThrowableCollector.java:73)
	at org.junit.jupiter.engine.descriptor.TestMethodTestDescriptor.prepare(TestMethodTestDescriptor.java:111)
	at org.junit.jupiter.engine.descriptor.TestMethodTestDescriptor.prepare(TestMethodTestDescriptor.java:69)
	at org.junit.platform.engine.support.hierarchical.NodeTestTask.lambda$prepare$2(NodeTestTask.java:128)
	at org.junit.platform.engine.support.hierarchical.ThrowableCollector.execute(ThrowableCollector.java:73)
	at org.junit.platform.engine.support.hierarchical.NodeTestTask.prepare(NodeTestTask.java:128)
	at org.junit.platform.engine.support.hierarchical.NodeTestTask.execute(NodeTestTask.java:95)
	at java.base/java.util.ArrayList.forEach(ArrayList.java:1596)
	at org.junit.platform.engine.support.hierarchical.SameThreadHierarchicalTestExecutorService.invokeAll(SameThreadHierarchicalTestExecutorService.java:41)
	at org.junit.platform.engine.support.hierarchical.NodeTestTask.lambda$executeRecursively$6(NodeTestTask.java:160)
	at org.junit.platform.engine.support.hierarchical.ThrowableCollector.execute(ThrowableCollector.java:73)
	at org.junit.platform.engine.support.hierarchical.NodeTestTask.lambda$executeRecursively$8(NodeTestTask.java:146)
	at org.junit.platform.engine.support.hierarchical.Node.around(Node.java:137)
	at org.junit.platform.engine.support.hierarchical.NodeTestTask.lambda$executeRecursively$9(NodeTestTask.java:144)
	at org.junit.platform.engine.support.hierarchical.ThrowableCollector.execute(ThrowableCollector.java:73)
	at org.junit.platform.engine.support.hierarchical.NodeTestTask.executeRecursively(NodeTestTask.java:143)
	at org.junit.platform.engine.support.hierarchical.NodeTestTask.execute(NodeTestTask.java:100)
	at java.base/java.util.ArrayList.forEach(ArrayList.java:1596)
	at org.junit.platform.engine.support.hierarchical.SameThreadHierarchicalTestExecutorService.invokeAll(SameThreadHierarchicalTestExecutorService.java:41)
	at org.junit.platform.engine.support.hierarchical.NodeTestTask.lambda$executeRecursively$6(NodeTestTask.java:160)
	at org.junit.platform.engine.support.hierarchical.ThrowableCollector.execute(ThrowableCollector.java:73)
	at org.junit.platform.engine.support.hierarchical.NodeTestTask.lambda$executeRecursively$8(NodeTestTask.java:146)
	at org.junit.platform.engine.support.hierarchical.Node.around(Node.java:137)
	at org.junit.platform.engine.support.hierarchical.NodeTestTask.lambda$executeRecursively$9(NodeTestTask.java:144)
	at org.junit.platform.engine.support.hierarchical.ThrowableCollector.execute(ThrowableCollector.java:73)
	at org.junit.platform.engine.support.hierarchical.NodeTestTask.executeRecursively(NodeTestTask.java:143)
	at org.junit.platform.engine.support.hierarchical.NodeTestTask.execute(NodeTestTask.java:100)
	at org.junit.platform.engine.support.hierarchical.SameThreadHierarchicalTestExecutorService.submit(SameThreadHierarchicalTestExecutorService.java:35)
	at org.junit.platform.engine.support.hierarchical.HierarchicalTestExecutor.execute(HierarchicalTestExecutor.java:57)
	at org.junit.platform.engine.support.hierarchical.HierarchicalTestEngine.execute(HierarchicalTestEngine.java:54)
	at org.junit.platform.launcher.core.EngineExecutionOrchestrator.execute(EngineExecutionOrchestrator.java:201)
	at org.junit.platform.launcher.core.EngineExecutionOrchestrator.execute(EngineExecutionOrchestrator.java:170)
	at org.junit.platform.launcher.core.EngineExecutionOrchestrator.execute(EngineExecutionOrchestrator.java:94)
	at org.junit.platform.launcher.core.EngineExecutionOrchestrator.lambda$execute$0(EngineExecutionOrchestrator.java:59)
	at org.junit.platform.launcher.core.EngineExecutionOrchestrator.withInterceptedStreams(EngineExecutionOrchestrator.java:142)
	at org.junit.platform.launcher.core.EngineExecutionOrchestrator.execute(EngineExecutionOrchestrator.java:58)
	at org.junit.platform.launcher.core.DefaultLauncher.execute(DefaultLauncher.java:103)
	at org.junit.platform.launcher.core.DefaultLauncher.execute(DefaultLauncher.java:85)
	at org.junit.platform.launcher.core.DelegatingLauncher.execute(DelegatingLauncher.java:47)
	at org.junit.platform.launcher.core.InterceptingLauncher.lambda$execute$1(InterceptingLauncher.java:39)
	at org.junit.platform.launcher.core.ClasspathAlignmentCheckingLauncherInterceptor.intercept(ClasspathAlignmentCheckingLauncherInterceptor.java:25)
	at org.junit.platform.launcher.core.InterceptingLauncher.execute(InterceptingLauncher.java:38)
	at org.junit.platform.launcher.core.DelegatingLauncher.execute(DelegatingLauncher.java:47)
	at org.junit.platform.launcher.core.SessionPerRequestLauncher.execute(SessionPerRequestLauncher.java:63)
	at com.intellij.junit5.JUnit5IdeaTestRunner.startRunnerWithArgs(JUnit5IdeaTestRunner.java:66)
	at com.intellij.rt.junit.IdeaTestRunner$Repeater$1.execute(IdeaTestRunner.java:38)
	at com.intellij.rt.execution.junit.TestsRepeater.repeat(TestsRepeater.java:11)
	at com.intellij.rt.junit.IdeaTestRunner$Repeater.startRunnerWithArgs(IdeaTestRunner.java:35)
	at com.intellij.rt.junit.JUnitStarter.prepareStreamsAndStart(JUnitStarter.java:237)
	at com.intellij.rt.junit.JUnitStarter.main(JUnitStarter.java:58)
Caused by: org.springframework.beans.factory.support.BeanDefinitionOverrideException: Invalid bean definition with name 'passwordEncoder' defined in class path resource [com/gym/crm/config/AppConfig.class]: Cannot register bean definition [Root bean: class=null; scope=; abstract=false; lazyInit=null; autowireMode=3; dependencyCheck=0; autowireCandidate=true; primary=false; fallback=false; factoryBeanName=appConfig; factoryMethodName=passwordEncoder; initMethodNames=null; destroyMethodNames=[(inferred)]; defined in class path resource [com/gym/crm/config/AppConfig.class]] for bean 'passwordEncoder' since there is already [Root bean: class=null; scope=; abstract=false; lazyInit=null; autowireMode=3; dependencyCheck=0; autowireCandidate=true; primary=false; fallback=false; factoryBeanName=testAppConfig; factoryMethodName=passwordEncoder; initMethodNames=null; destroyMethodNames=[(inferred)]; defined in class path resource [com/gym/crm/config/TestAppConfig.class]] bound.
	at org.springframework.beans.factory.support.DefaultListableBeanFactory.registerBeanDefinition(DefaultListableBeanFactory.java:1257)
	at org.springframework.context.annotation.ConfigurationClassBeanDefinitionReader.loadBeanDefinitionsForBeanMethod(ConfigurationClassBeanDefinitionReader.java:292)
	at org.springframework.context.annotation.ConfigurationClassBeanDefinitionReader.loadBeanDefinitionsForConfigurationClass(ConfigurationClassBeanDefinitionReader.java:145)
	at org.springframework.context.annotation.ConfigurationClassBeanDefinitionReader.loadBeanDefinitions(ConfigurationClassBeanDefinitionReader.java:121)
	at org.springframework.context.annotation.ConfigurationClassPostProcessor.processConfigBeanDefinitions(ConfigurationClassPostProcessor.java:430)
	at org.springframework.context.annotation.ConfigurationClassPostProcessor.postProcessBeanDefinitionRegistry(ConfigurationClassPostProcessor.java:290)
	at org.springframework.context.support.PostProcessorRegistrationDelegate.invokeBeanDefinitionRegistryPostProcessors(PostProcessorRegistrationDelegate.java:349)
	at org.springframework.context.support.PostProcessorRegistrationDelegate.invokeBeanFactoryPostProcessors(PostProcessorRegistrationDelegate.java:118)
	at org.springframework.context.support.AbstractApplicationContext.invokeBeanFactoryPostProcessors(AbstractApplicationContext.java:791)
	at org.springframework.context.support.AbstractApplicationContext.refresh(AbstractApplicationContext.java:609)
	at org.springframework.boot.SpringApplication.refresh(SpringApplication.java:753)
	at org.springframework.boot.SpringApplication.refreshContext(SpringApplication.java:439)
	at org.springframework.boot.SpringApplication.run(SpringApplication.java:318)
	at org.springframework.boot.test.context.SpringBootContextLoader.lambda$loadContext$3(SpringBootContextLoader.java:144)
	at org.springframework.util.function.ThrowingSupplier.get(ThrowingSupplier.java:58)
	at org.springframework.util.function.ThrowingSupplier.get(ThrowingSupplier.java:46)
	at org.springframework.boot.SpringApplication.withHook(SpringApplication.java:1462)
	at org.springframework.boot.test.context.SpringBootContextLoader$ContextLoaderHook.run(SpringBootContextLoader.java:563)
	at org.springframework.boot.test.context.SpringBootContextLoader.loadContext(SpringBootContextLoader.java:144)
	at org.springframework.boot.test.context.SpringBootContextLoader.loadContext(SpringBootContextLoader.java:110)
	at org.springframework.test.context.cache.DefaultCacheAwareContextLoaderDelegate.loadContextInternal(DefaultCacheAwareContextLoaderDelegate.java:225)
	at org.springframework.test.context.cache.DefaultCacheAwareContextLoaderDelegate.loadContext(DefaultCacheAwareContextLoaderDelegate.java:152)
	... 78 common frames omitted
2026-05-25 18:45:08.259 [main] INFO  [txId=no-txn] com.gym.crm.GymApplicationTest - Starting GymApplicationTest using Java 21.0.9 with PID 46208 (started by Денис in C:\Users\Денис\IdeaProjects\gym-crm)
2026-05-25 18:45:08.260 [main] INFO  [txId=no-txn] com.gym.crm.GymApplicationTest - No active profile set, falling back to 1 default profile: "default"
2026-05-25 18:45:08.691 [main] WARN  [txId=no-txn] o.s.w.c.s.GenericWebApplicationContext - Exception encountered during context initialization - cancelling refresh attempt: org.springframework.beans.factory.support.BeanDefinitionOverrideException: Invalid bean definition with name 'passwordEncoder' defined in class path resource [com/gym/crm/config/AppConfig.class]: Cannot register bean definition [Root bean: class=null; scope=; abstract=false; lazyInit=null; autowireMode=3; dependencyCheck=0; autowireCandidate=true; primary=false; fallback=false; factoryBeanName=appConfig; factoryMethodName=passwordEncoder; initMethodNames=null; destroyMethodNames=[(inferred)]; defined in class path resource [com/gym/crm/config/AppConfig.class]] for bean 'passwordEncoder' since there is already [Root bean: class=null; scope=; abstract=false; lazyInit=null; autowireMode=3; dependencyCheck=0; autowireCandidate=true; primary=false; fallback=false; factoryBeanName=testAppConfig; factoryMethodName=passwordEncoder; initMethodNames=null; destroyMethodNames=[(inferred)]; defined in class path resource [com/gym/crm/config/TestAppConfig.class]] bound.
2026-05-25 18:45:08.720 [main] ERROR [txId=no-txn] o.s.b.d.LoggingFailureAnalysisReporter - 

***************************
APPLICATION FAILED TO START
***************************

Description:

The bean 'passwordEncoder', defined in class path resource [com/gym/crm/config/AppConfig.class], could not be registered. A bean with that name has already been defined in class path resource [com/gym/crm/config/TestAppConfig.class] and overriding is disabled.

Action:

Consider renaming one of the beans or enabling overriding by setting spring.main.allow-bean-definition-overriding=true

2026-05-25 18:45:08.722 [main] WARN  [txId=no-txn] o.s.test.context.TestContextManager - Caught exception while allowing TestExecutionListener [org.springframework.test.context.web.ServletTestExecutionListener] to prepare test instance [com.gym.crm.GymApplicationTest@49e4c2d5]
java.lang.IllegalStateException: Failed to load ApplicationContext for [WebMergedContextConfiguration@4a8a0099 testClass = com.gym.crm.GymApplicationTest, locations = [], classes = [com.gym.crm.GymApplication], contextInitializerClasses = [], activeProfiles = [], propertySourceDescriptors = [], propertySourceProperties = ["org.springframework.boot.test.context.SpringBootTestContextBootstrapper=true"], contextCustomizers = [[ImportsContextCustomizer@7c1447b5 key = [com.gym.crm.config.TestAppConfig]], org.springframework.boot.test.context.filter.ExcludeFilterContextCustomizer@54e041a4, org.springframework.boot.test.json.DuplicateJsonObjectContextCustomizerFactory$DuplicateJsonObjectContextCustomizer@238d68ff, org.springframework.boot.test.mock.mockito.MockitoContextCustomizer@0, org.springframework.boot.test.web.client.TestRestTemplateContextCustomizer@1cf56a1c, org.springframework.boot.test.web.reactor.netty.DisableReactorResourceFactoryGlobalResourcesContextCustomizerFactory$DisableReactorResourceFactoryGlobalResourcesContextCustomizerCustomizer@35a3d49f, org.springframework.boot.test.autoconfigure.OnFailureConditionReportContextCustomizerFactory$OnFailureConditionReportContextCustomizer@478db956, org.springframework.boot.test.autoconfigure.actuate.observability.ObservabilityContextCustomizerFactory$DisableObservabilityContextCustomizer@1f, org.springframework.boot.test.autoconfigure.properties.PropertyMappingContextCustomizer@0, org.springframework.boot.test.autoconfigure.web.servlet.WebDriverContextCustomizer@24c22fe, org.springframework.test.context.support.DynamicPropertiesContextCustomizer@0, org.springframework.boot.test.context.SpringBootTestAnnotation@5b578781], resourceBasePath = "src/main/webapp", contextLoader = org.springframework.boot.test.context.SpringBootContextLoader, parent = null]
	at org.springframework.test.context.cache.DefaultCacheAwareContextLoaderDelegate.loadContext(DefaultCacheAwareContextLoaderDelegate.java:180)
	at org.springframework.test.context.support.DefaultTestContext.getApplicationContext(DefaultTestContext.java:130)
	at org.springframework.test.context.web.ServletTestExecutionListener.setUpRequestContextIfNecessary(ServletTestExecutionListener.java:200)
	at org.springframework.test.context.web.ServletTestExecutionListener.prepareTestInstance(ServletTestExecutionListener.java:139)
	at org.springframework.test.context.TestContextManager.prepareTestInstance(TestContextManager.java:260)
	at org.springframework.test.context.junit.jupiter.SpringExtension.postProcessTestInstance(SpringExtension.java:159)
	at org.junit.jupiter.engine.descriptor.ClassBasedTestDescriptor.lambda$invokeTestInstancePostProcessors$10(ClassBasedTestDescriptor.java:383)
	at org.junit.jupiter.engine.descriptor.ClassBasedTestDescriptor.executeAndMaskThrowable(ClassBasedTestDescriptor.java:388)
	at org.junit.jupiter.engine.descriptor.ClassBasedTestDescriptor.lambda$invokeTestInstancePostProcessors$11(ClassBasedTestDescriptor.java:382)
	at java.base/java.util.stream.ForEachOps$ForEachOp$OfRef.accept(ForEachOps.java:184)
	at java.base/java.util.stream.ReferencePipeline$3$1.accept(ReferencePipeline.java:197)
	at java.base/java.util.stream.ReferencePipeline$2$1.accept(ReferencePipeline.java:179)
	at java.base/java.util.stream.ReferencePipeline$3$1.accept(ReferencePipeline.java:197)
	at java.base/java.util.ArrayList$ArrayListSpliterator.forEachRemaining(ArrayList.java:1708)
	at java.base/java.util.stream.AbstractPipeline.copyInto(AbstractPipeline.java:509)
	at java.base/java.util.stream.AbstractPipeline.wrapAndCopyInto(AbstractPipeline.java:499)
	at java.base/java.util.stream.ForEachOps$ForEachOp.evaluateSequential(ForEachOps.java:151)
	at java.base/java.util.stream.ForEachOps$ForEachOp$OfRef.evaluateSequential(ForEachOps.java:174)
	at java.base/java.util.stream.AbstractPipeline.evaluate(AbstractPipeline.java:234)
	at java.base/java.util.stream.ReferencePipeline.forEach(ReferencePipeline.java:596)
	at org.junit.jupiter.engine.descriptor.ClassBasedTestDescriptor.invokeTestInstancePostProcessors(ClassBasedTestDescriptor.java:382)
	at org.junit.jupiter.engine.descriptor.ClassBasedTestDescriptor.lambda$instantiateAndPostProcessTestInstance$6(ClassBasedTestDescriptor.java:293)
	at org.junit.platform.engine.support.hierarchical.ThrowableCollector.execute(ThrowableCollector.java:73)
	at org.junit.jupiter.engine.descriptor.ClassBasedTestDescriptor.instantiateAndPostProcessTestInstance(ClassBasedTestDescriptor.java:292)
	at org.junit.jupiter.engine.descriptor.ClassBasedTestDescriptor.lambda$testInstancesProvider$4(ClassBasedTestDescriptor.java:281)
	at java.base/java.util.Optional.orElseGet(Optional.java:364)
	at org.junit.jupiter.engine.descriptor.ClassBasedTestDescriptor.lambda$testInstancesProvider$5(ClassBasedTestDescriptor.java:280)
	at org.junit.jupiter.engine.execution.TestInstancesProvider.getTestInstances(TestInstancesProvider.java:27)
	at org.junit.jupiter.engine.descriptor.TestMethodTestDescriptor.lambda$prepare$0(TestMethodTestDescriptor.java:112)
	at org.junit.platform.engine.support.hierarchical.ThrowableCollector.execute(ThrowableCollector.java:73)
	at org.junit.jupiter.engine.descriptor.TestMethodTestDescriptor.prepare(TestMethodTestDescriptor.java:111)
	at org.junit.jupiter.engine.descriptor.TestMethodTestDescriptor.prepare(TestMethodTestDescriptor.java:69)
	at org.junit.platform.engine.support.hierarchical.NodeTestTask.lambda$prepare$2(NodeTestTask.java:128)
	at org.junit.platform.engine.support.hierarchical.ThrowableCollector.execute(ThrowableCollector.java:73)
	at org.junit.platform.engine.support.hierarchical.NodeTestTask.prepare(NodeTestTask.java:128)
	at org.junit.platform.engine.support.hierarchical.NodeTestTask.execute(NodeTestTask.java:95)
	at java.base/java.util.ArrayList.forEach(ArrayList.java:1596)
	at org.junit.platform.engine.support.hierarchical.SameThreadHierarchicalTestExecutorService.invokeAll(SameThreadHierarchicalTestExecutorService.java:41)
	at org.junit.platform.engine.support.hierarchical.NodeTestTask.lambda$executeRecursively$6(NodeTestTask.java:160)
	at org.junit.platform.engine.support.hierarchical.ThrowableCollector.execute(ThrowableCollector.java:73)
	at org.junit.platform.engine.support.hierarchical.NodeTestTask.lambda$executeRecursively$8(NodeTestTask.java:146)
	at org.junit.platform.engine.support.hierarchical.Node.around(Node.java:137)
	at org.junit.platform.engine.support.hierarchical.NodeTestTask.lambda$executeRecursively$9(NodeTestTask.java:144)
	at org.junit.platform.engine.support.hierarchical.ThrowableCollector.execute(ThrowableCollector.java:73)
	at org.junit.platform.engine.support.hierarchical.NodeTestTask.executeRecursively(NodeTestTask.java:143)
	at org.junit.platform.engine.support.hierarchical.NodeTestTask.execute(NodeTestTask.java:100)
	at java.base/java.util.ArrayList.forEach(ArrayList.java:1596)
	at org.junit.platform.engine.support.hierarchical.SameThreadHierarchicalTestExecutorService.invokeAll(SameThreadHierarchicalTestExecutorService.java:41)
	at org.junit.platform.engine.support.hierarchical.NodeTestTask.lambda$executeRecursively$6(NodeTestTask.java:160)
	at org.junit.platform.engine.support.hierarchical.ThrowableCollector.execute(ThrowableCollector.java:73)
	at org.junit.platform.engine.support.hierarchical.NodeTestTask.lambda$executeRecursively$8(NodeTestTask.java:146)
	at org.junit.platform.engine.support.hierarchical.Node.around(Node.java:137)
	at org.junit.platform.engine.support.hierarchical.NodeTestTask.lambda$executeRecursively$9(NodeTestTask.java:144)
	at org.junit.platform.engine.support.hierarchical.ThrowableCollector.execute(ThrowableCollector.java:73)
	at org.junit.platform.engine.support.hierarchical.NodeTestTask.executeRecursively(NodeTestTask.java:143)
	at org.junit.platform.engine.support.hierarchical.NodeTestTask.execute(NodeTestTask.java:100)
	at org.junit.platform.engine.support.hierarchical.SameThreadHierarchicalTestExecutorService.submit(SameThreadHierarchicalTestExecutorService.java:35)
	at org.junit.platform.engine.support.hierarchical.HierarchicalTestExecutor.execute(HierarchicalTestExecutor.java:57)
	at org.junit.platform.engine.support.hierarchical.HierarchicalTestEngine.execute(HierarchicalTestEngine.java:54)
	at org.junit.platform.launcher.core.EngineExecutionOrchestrator.execute(EngineExecutionOrchestrator.java:201)
	at org.junit.platform.launcher.core.EngineExecutionOrchestrator.execute(EngineExecutionOrchestrator.java:170)
	at org.junit.platform.launcher.core.EngineExecutionOrchestrator.execute(EngineExecutionOrchestrator.java:94)
	at org.junit.platform.launcher.core.EngineExecutionOrchestrator.lambda$execute$0(EngineExecutionOrchestrator.java:59)
	at org.junit.platform.launcher.core.EngineExecutionOrchestrator.withInterceptedStreams(EngineExecutionOrchestrator.java:142)
	at org.junit.platform.launcher.core.EngineExecutionOrchestrator.execute(EngineExecutionOrchestrator.java:58)
	at org.junit.platform.launcher.core.DefaultLauncher.execute(DefaultLauncher.java:103)
	at org.junit.platform.launcher.core.DefaultLauncher.execute(DefaultLauncher.java:85)
	at org.junit.platform.launcher.core.DelegatingLauncher.execute(DelegatingLauncher.java:47)
	at org.junit.platform.launcher.core.InterceptingLauncher.lambda$execute$1(InterceptingLauncher.java:39)
	at org.junit.platform.launcher.core.ClasspathAlignmentCheckingLauncherInterceptor.intercept(ClasspathAlignmentCheckingLauncherInterceptor.java:25)
	at org.junit.platform.launcher.core.InterceptingLauncher.execute(InterceptingLauncher.java:38)
	at org.junit.platform.launcher.core.DelegatingLauncher.execute(DelegatingLauncher.java:47)
	at org.junit.platform.launcher.core.SessionPerRequestLauncher.execute(SessionPerRequestLauncher.java:63)
	at com.intellij.junit5.JUnit5IdeaTestRunner.startRunnerWithArgs(JUnit5IdeaTestRunner.java:66)
	at com.intellij.rt.junit.IdeaTestRunner$Repeater$1.execute(IdeaTestRunner.java:38)
	at com.intellij.rt.execution.junit.TestsRepeater.repeat(TestsRepeater.java:11)
	at com.intellij.rt.junit.IdeaTestRunner$Repeater.startRunnerWithArgs(IdeaTestRunner.java:35)
	at com.intellij.rt.junit.JUnitStarter.prepareStreamsAndStart(JUnitStarter.java:237)
	at com.intellij.rt.junit.JUnitStarter.main(JUnitStarter.java:58)
Caused by: org.springframework.beans.factory.support.BeanDefinitionOverrideException: Invalid bean definition with name 'passwordEncoder' defined in class path resource [com/gym/crm/config/AppConfig.class]: Cannot register bean definition [Root bean: class=null; scope=; abstract=false; lazyInit=null; autowireMode=3; dependencyCheck=0; autowireCandidate=true; primary=false; fallback=false; factoryBeanName=appConfig; factoryMethodName=passwordEncoder; initMethodNames=null; destroyMethodNames=[(inferred)]; defined in class path resource [com/gym/crm/config/AppConfig.class]] for bean 'passwordEncoder' since there is already [Root bean: class=null; scope=; abstract=false; lazyInit=null; autowireMode=3; dependencyCheck=0; autowireCandidate=true; primary=false; fallback=false; factoryBeanName=testAppConfig; factoryMethodName=passwordEncoder; initMethodNames=null; destroyMethodNames=[(inferred)]; defined in class path resource [com/gym/crm/config/TestAppConfig.class]] bound.
	at org.springframework.beans.factory.support.DefaultListableBeanFactory.registerBeanDefinition(DefaultListableBeanFactory.java:1257)
	at org.springframework.context.annotation.ConfigurationClassBeanDefinitionReader.loadBeanDefinitionsForBeanMethod(ConfigurationClassBeanDefinitionReader.java:292)
	at org.springframework.context.annotation.ConfigurationClassBeanDefinitionReader.loadBeanDefinitionsForConfigurationClass(ConfigurationClassBeanDefinitionReader.java:145)
	at org.springframework.context.annotation.ConfigurationClassBeanDefinitionReader.loadBeanDefinitions(ConfigurationClassBeanDefinitionReader.java:121)
	at org.springframework.context.annotation.ConfigurationClassPostProcessor.processConfigBeanDefinitions(ConfigurationClassPostProcessor.java:430)
	at org.springframework.context.annotation.ConfigurationClassPostProcessor.postProcessBeanDefinitionRegistry(ConfigurationClassPostProcessor.java:290)
	at org.springframework.context.support.PostProcessorRegistrationDelegate.invokeBeanDefinitionRegistryPostProcessors(PostProcessorRegistrationDelegate.java:349)
	at org.springframework.context.support.PostProcessorRegistrationDelegate.invokeBeanFactoryPostProcessors(PostProcessorRegistrationDelegate.java:118)
	at org.springframework.context.support.AbstractApplicationContext.invokeBeanFactoryPostProcessors(AbstractApplicationContext.java:791)
	at org.springframework.context.support.AbstractApplicationContext.refresh(AbstractApplicationContext.java:609)
	at org.springframework.boot.SpringApplication.refresh(SpringApplication.java:753)
	at org.springframework.boot.SpringApplication.refreshContext(SpringApplication.java:439)
	at org.springframework.boot.SpringApplication.run(SpringApplication.java:318)
	at org.springframework.boot.test.context.SpringBootContextLoader.lambda$loadContext$3(SpringBootContextLoader.java:144)
	at org.springframework.util.function.ThrowingSupplier.get(ThrowingSupplier.java:58)
	at org.springframework.util.function.ThrowingSupplier.get(ThrowingSupplier.java:46)
	at org.springframework.boot.SpringApplication.withHook(SpringApplication.java:1462)
	at org.springframework.boot.test.context.SpringBootContextLoader$ContextLoaderHook.run(SpringBootContextLoader.java:563)
	at org.springframework.boot.test.context.SpringBootContextLoader.loadContext(SpringBootContextLoader.java:144)
	at org.springframework.boot.test.context.SpringBootContextLoader.loadContext(SpringBootContextLoader.java:110)
	at org.springframework.test.context.cache.DefaultCacheAwareContextLoaderDelegate.loadContextInternal(DefaultCacheAwareContextLoaderDelegate.java:225)
	at org.springframework.test.context.cache.DefaultCacheAwareContextLoaderDelegate.loadContext(DefaultCacheAwareContextLoaderDelegate.java:152)
	... 78 common frames omitted
2026-05-25 18:45:56.342 [main] INFO  [txId=no-txn] com.gym.crm.GymApplicationTest - Starting GymApplicationTest using Java 21.0.9 with PID 35944 (started by Денис in C:\Users\Денис\IdeaProjects\gym-crm)
2026-05-25 18:45:56.342 [main] INFO  [txId=no-txn] com.gym.crm.GymApplicationTest - No active profile set, falling back to 1 default profile: "default"
2026-05-25 18:45:57.408 [main] WARN  [txId=no-txn] o.s.w.c.s.GenericWebApplicationContext - Exception encountered during context initialization - cancelling refresh attempt: org.springframework.beans.factory.BeanCreationException: Error creating bean with name 'entityManagerFactory' defined in class path resource [org/springframework/boot/autoconfigure/orm/jpa/HibernateJpaConfiguration.class]: Failed to initialize dependency 'liquibase' of LoadTimeWeaverAware bean 'entityManagerFactory': Error creating bean with name 'liquibase' defined in class path resource [com/gym/crm/config/LiquibaseConfig.class]: Unsatisfied dependency expressed through method 'liquibase' parameter 0: Error creating bean with name 'testDatabaseConfig': Injection of autowired dependencies failed
2026-05-25 18:45:57.440 [main] ERROR [txId=no-txn] o.s.boot.SpringApplication - Application run failed
org.springframework.beans.factory.BeanCreationException: Error creating bean with name 'entityManagerFactory' defined in class path resource [org/springframework/boot/autoconfigure/orm/jpa/HibernateJpaConfiguration.class]: Failed to initialize dependency 'liquibase' of LoadTimeWeaverAware bean 'entityManagerFactory': Error creating bean with name 'liquibase' defined in class path resource [com/gym/crm/config/LiquibaseConfig.class]: Unsatisfied dependency expressed through method 'liquibase' parameter 0: Error creating bean with name 'testDatabaseConfig': Injection of autowired dependencies failed
	at org.springframework.beans.factory.support.AbstractBeanFactory.doGetBean(AbstractBeanFactory.java:328)
	at org.springframework.beans.factory.support.AbstractBeanFactory.getBean(AbstractBeanFactory.java:207)
	at org.springframework.context.support.AbstractApplicationContext.finishBeanFactoryInitialization(AbstractApplicationContext.java:970)
	at org.springframework.context.support.AbstractApplicationContext.refresh(AbstractApplicationContext.java:627)
	at org.springframework.boot.SpringApplication.refresh(SpringApplication.java:753)
	at org.springframework.boot.SpringApplication.refreshContext(SpringApplication.java:439)
	at org.springframework.boot.SpringApplication.run(SpringApplication.java:318)
	at org.springframework.boot.test.context.SpringBootContextLoader.lambda$loadContext$3(SpringBootContextLoader.java:144)
	at org.springframework.util.function.ThrowingSupplier.get(ThrowingSupplier.java:58)
	at org.springframework.util.function.ThrowingSupplier.get(ThrowingSupplier.java:46)
	at org.springframework.boot.SpringApplication.withHook(SpringApplication.java:1462)
	at org.springframework.boot.test.context.SpringBootContextLoader$ContextLoaderHook.run(SpringBootContextLoader.java:563)
	at org.springframework.boot.test.context.SpringBootContextLoader.loadContext(SpringBootContextLoader.java:144)
	at org.springframework.boot.test.context.SpringBootContextLoader.loadContext(SpringBootContextLoader.java:110)
	at org.springframework.test.context.cache.DefaultCacheAwareContextLoaderDelegate.loadContextInternal(DefaultCacheAwareContextLoaderDelegate.java:225)
	at org.springframework.test.context.cache.DefaultCacheAwareContextLoaderDelegate.loadContext(DefaultCacheAwareContextLoaderDelegate.java:152)
	at org.springframework.test.context.support.DefaultTestContext.getApplicationContext(DefaultTestContext.java:130)
	at org.springframework.test.context.web.ServletTestExecutionListener.setUpRequestContextIfNecessary(ServletTestExecutionListener.java:200)
	at org.springframework.test.context.web.ServletTestExecutionListener.prepareTestInstance(ServletTestExecutionListener.java:139)
	at org.springframework.test.context.TestContextManager.prepareTestInstance(TestContextManager.java:260)
	at org.springframework.test.context.junit.jupiter.SpringExtension.postProcessTestInstance(SpringExtension.java:159)
	at org.junit.jupiter.engine.descriptor.ClassBasedTestDescriptor.lambda$invokeTestInstancePostProcessors$10(ClassBasedTestDescriptor.java:383)
	at org.junit.jupiter.engine.descriptor.ClassBasedTestDescriptor.executeAndMaskThrowable(ClassBasedTestDescriptor.java:388)
	at org.junit.jupiter.engine.descriptor.ClassBasedTestDescriptor.lambda$invokeTestInstancePostProcessors$11(ClassBasedTestDescriptor.java:382)
	at java.base/java.util.stream.ForEachOps$ForEachOp$OfRef.accept(ForEachOps.java:184)
	at java.base/java.util.stream.ReferencePipeline$3$1.accept(ReferencePipeline.java:197)
	at java.base/java.util.stream.ReferencePipeline$2$1.accept(ReferencePipeline.java:179)
	at java.base/java.util.stream.ReferencePipeline$3$1.accept(ReferencePipeline.java:197)
	at java.base/java.util.ArrayList$ArrayListSpliterator.forEachRemaining(ArrayList.java:1708)
	at java.base/java.util.stream.AbstractPipeline.copyInto(AbstractPipeline.java:509)
	at java.base/java.util.stream.AbstractPipeline.wrapAndCopyInto(AbstractPipeline.java:499)
	at java.base/java.util.stream.ForEachOps$ForEachOp.evaluateSequential(ForEachOps.java:151)
	at java.base/java.util.stream.ForEachOps$ForEachOp$OfRef.evaluateSequential(ForEachOps.java:174)
	at java.base/java.util.stream.AbstractPipeline.evaluate(AbstractPipeline.java:234)
	at java.base/java.util.stream.ReferencePipeline.forEach(ReferencePipeline.java:596)
	at org.junit.jupiter.engine.descriptor.ClassBasedTestDescriptor.invokeTestInstancePostProcessors(ClassBasedTestDescriptor.java:382)
	at org.junit.jupiter.engine.descriptor.ClassBasedTestDescriptor.lambda$instantiateAndPostProcessTestInstance$6(ClassBasedTestDescriptor.java:293)
	at org.junit.platform.engine.support.hierarchical.ThrowableCollector.execute(ThrowableCollector.java:73)
	at org.junit.jupiter.engine.descriptor.ClassBasedTestDescriptor.instantiateAndPostProcessTestInstance(ClassBasedTestDescriptor.java:292)
	at org.junit.jupiter.engine.descriptor.ClassBasedTestDescriptor.lambda$testInstancesProvider$4(ClassBasedTestDescriptor.java:281)
	at java.base/java.util.Optional.orElseGet(Optional.java:364)
	at org.junit.jupiter.engine.descriptor.ClassBasedTestDescriptor.lambda$testInstancesProvider$5(ClassBasedTestDescriptor.java:280)
	at org.junit.jupiter.engine.execution.TestInstancesProvider.getTestInstances(TestInstancesProvider.java:27)
	at org.junit.jupiter.engine.descriptor.TestMethodTestDescriptor.lambda$prepare$0(TestMethodTestDescriptor.java:112)
	at org.junit.platform.engine.support.hierarchical.ThrowableCollector.execute(ThrowableCollector.java:73)
	at org.junit.jupiter.engine.descriptor.TestMethodTestDescriptor.prepare(TestMethodTestDescriptor.java:111)
	at org.junit.jupiter.engine.descriptor.TestMethodTestDescriptor.prepare(TestMethodTestDescriptor.java:69)
	at org.junit.platform.engine.support.hierarchical.NodeTestTask.lambda$prepare$2(NodeTestTask.java:128)
	at org.junit.platform.engine.support.hierarchical.ThrowableCollector.execute(ThrowableCollector.java:73)
	at org.junit.platform.engine.support.hierarchical.NodeTestTask.prepare(NodeTestTask.java:128)
	at org.junit.platform.engine.support.hierarchical.NodeTestTask.execute(NodeTestTask.java:95)
	at java.base/java.util.ArrayList.forEach(ArrayList.java:1596)
	at org.junit.platform.engine.support.hierarchical.SameThreadHierarchicalTestExecutorService.invokeAll(SameThreadHierarchicalTestExecutorService.java:41)
	at org.junit.platform.engine.support.hierarchical.NodeTestTask.lambda$executeRecursively$6(NodeTestTask.java:160)
	at org.junit.platform.engine.support.hierarchical.ThrowableCollector.execute(ThrowableCollector.java:73)
	at org.junit.platform.engine.support.hierarchical.NodeTestTask.lambda$executeRecursively$8(NodeTestTask.java:146)
	at org.junit.platform.engine.support.hierarchical.Node.around(Node.java:137)
	at org.junit.platform.engine.support.hierarchical.NodeTestTask.lambda$executeRecursively$9(NodeTestTask.java:144)
	at org.junit.platform.engine.support.hierarchical.ThrowableCollector.execute(ThrowableCollector.java:73)
	at org.junit.platform.engine.support.hierarchical.NodeTestTask.executeRecursively(NodeTestTask.java:143)
	at org.junit.platform.engine.support.hierarchical.NodeTestTask.execute(NodeTestTask.java:100)
	at java.base/java.util.ArrayList.forEach(ArrayList.java:1596)
	at org.junit.platform.engine.support.hierarchical.SameThreadHierarchicalTestExecutorService.invokeAll(SameThreadHierarchicalTestExecutorService.java:41)
	at org.junit.platform.engine.support.hierarchical.NodeTestTask.lambda$executeRecursively$6(NodeTestTask.java:160)
	at org.junit.platform.engine.support.hierarchical.ThrowableCollector.execute(ThrowableCollector.java:73)
	at org.junit.platform.engine.support.hierarchical.NodeTestTask.lambda$executeRecursively$8(NodeTestTask.java:146)
	at org.junit.platform.engine.support.hierarchical.Node.around(Node.java:137)
	at org.junit.platform.engine.support.hierarchical.NodeTestTask.lambda$executeRecursively$9(NodeTestTask.java:144)
	at org.junit.platform.engine.support.hierarchical.ThrowableCollector.execute(ThrowableCollector.java:73)
	at org.junit.platform.engine.support.hierarchical.NodeTestTask.executeRecursively(NodeTestTask.java:143)
	at org.junit.platform.engine.support.hierarchical.NodeTestTask.execute(NodeTestTask.java:100)
	at org.junit.platform.engine.support.hierarchical.SameThreadHierarchicalTestExecutorService.submit(SameThreadHierarchicalTestExecutorService.java:35)
	at org.junit.platform.engine.support.hierarchical.HierarchicalTestExecutor.execute(HierarchicalTestExecutor.java:57)
	at org.junit.platform.engine.support.hierarchical.HierarchicalTestEngine.execute(HierarchicalTestEngine.java:54)
	at org.junit.platform.launcher.core.EngineExecutionOrchestrator.execute(EngineExecutionOrchestrator.java:201)
	at org.junit.platform.launcher.core.EngineExecutionOrchestrator.execute(EngineExecutionOrchestrator.java:170)
	at org.junit.platform.launcher.core.EngineExecutionOrchestrator.execute(EngineExecutionOrchestrator.java:94)
	at org.junit.platform.launcher.core.EngineExecutionOrchestrator.lambda$execute$0(EngineExecutionOrchestrator.java:59)
	at org.junit.platform.launcher.core.EngineExecutionOrchestrator.withInterceptedStreams(EngineExecutionOrchestrator.java:142)
	at org.junit.platform.launcher.core.EngineExecutionOrchestrator.execute(EngineExecutionOrchestrator.java:58)
	at org.junit.platform.launcher.core.DefaultLauncher.execute(DefaultLauncher.java:103)
	at org.junit.platform.launcher.core.DefaultLauncher.execute(DefaultLauncher.java:85)
	at org.junit.platform.launcher.core.DelegatingLauncher.execute(DelegatingLauncher.java:47)
	at org.junit.platform.launcher.core.InterceptingLauncher.lambda$execute$1(InterceptingLauncher.java:39)
	at org.junit.platform.launcher.core.ClasspathAlignmentCheckingLauncherInterceptor.intercept(ClasspathAlignmentCheckingLauncherInterceptor.java:25)
	at org.junit.platform.launcher.core.InterceptingLauncher.execute(InterceptingLauncher.java:38)
	at org.junit.platform.launcher.core.DelegatingLauncher.execute(DelegatingLauncher.java:47)
	at org.junit.platform.launcher.core.SessionPerRequestLauncher.execute(SessionPerRequestLauncher.java:63)
	at com.intellij.junit5.JUnit5IdeaTestRunner.startRunnerWithArgs(JUnit5IdeaTestRunner.java:66)
	at com.intellij.rt.junit.IdeaTestRunner$Repeater$1.execute(IdeaTestRunner.java:38)
	at com.intellij.rt.execution.junit.TestsRepeater.repeat(TestsRepeater.java:11)
	at com.intellij.rt.junit.IdeaTestRunner$Repeater.startRunnerWithArgs(IdeaTestRunner.java:35)
	at com.intellij.rt.junit.JUnitStarter.prepareStreamsAndStart(JUnitStarter.java:237)
	at com.intellij.rt.junit.JUnitStarter.main(JUnitStarter.java:58)
Caused by: org.springframework.beans.factory.UnsatisfiedDependencyException: Error creating bean with name 'liquibase' defined in class path resource [com/gym/crm/config/LiquibaseConfig.class]: Unsatisfied dependency expressed through method 'liquibase' parameter 0: Error creating bean with name 'testDatabaseConfig': Injection of autowired dependencies failed
	at org.springframework.beans.factory.support.ConstructorResolver.createArgumentArray(ConstructorResolver.java:804)
	at org.springframework.beans.factory.support.ConstructorResolver.instantiateUsingFactoryMethod(ConstructorResolver.java:546)
	at org.springframework.beans.factory.support.AbstractAutowireCapableBeanFactory.instantiateUsingFactoryMethod(AbstractAutowireCapableBeanFactory.java:1375)
	at org.springframework.beans.factory.support.AbstractAutowireCapableBeanFactory.createBeanInstance(AbstractAutowireCapableBeanFactory.java:1205)
	at org.springframework.beans.factory.support.AbstractAutowireCapableBeanFactory.doCreateBean(AbstractAutowireCapableBeanFactory.java:569)
	at org.springframework.beans.factory.support.AbstractAutowireCapableBeanFactory.createBean(AbstractAutowireCapableBeanFactory.java:529)
	at org.springframework.beans.factory.support.AbstractBeanFactory.lambda$doGetBean$0(AbstractBeanFactory.java:339)
	at org.springframework.beans.factory.support.DefaultSingletonBeanRegistry.getSingleton(DefaultSingletonBeanRegistry.java:373)
	at org.springframework.beans.factory.support.AbstractBeanFactory.doGetBean(AbstractBeanFactory.java:337)
	at org.springframework.beans.factory.support.AbstractBeanFactory.getBean(AbstractBeanFactory.java:202)
	at org.springframework.beans.factory.support.AbstractBeanFactory.doGetBean(AbstractBeanFactory.java:315)
	... 93 common frames omitted
Caused by: org.springframework.beans.factory.BeanCreationException: Error creating bean with name 'testDatabaseConfig': Injection of autowired dependencies failed
	at org.springframework.beans.factory.annotation.AutowiredAnnotationBeanPostProcessor.postProcessProperties(AutowiredAnnotationBeanPostProcessor.java:515)
	at org.springframework.beans.factory.support.AbstractAutowireCapableBeanFactory.populateBean(AbstractAutowireCapableBeanFactory.java:1459)
	at org.springframework.beans.factory.support.AbstractAutowireCapableBeanFactory.doCreateBean(AbstractAutowireCapableBeanFactory.java:606)
	at org.springframework.beans.factory.support.AbstractAutowireCapableBeanFactory.createBean(AbstractAutowireCapableBeanFactory.java:529)
	at org.springframework.beans.factory.support.AbstractBeanFactory.lambda$doGetBean$0(AbstractBeanFactory.java:339)
	at org.springframework.beans.factory.support.DefaultSingletonBeanRegistry.getSingleton(DefaultSingletonBeanRegistry.java:373)
	at org.springframework.beans.factory.support.AbstractBeanFactory.doGetBean(AbstractBeanFactory.java:337)
	at org.springframework.beans.factory.support.AbstractBeanFactory.getBean(AbstractBeanFactory.java:202)
	at org.springframework.beans.factory.support.ConstructorResolver.instantiateUsingFactoryMethod(ConstructorResolver.java:413)
	at org.springframework.beans.factory.support.AbstractAutowireCapableBeanFactory.instantiateUsingFactoryMethod(AbstractAutowireCapableBeanFactory.java:1375)
	at org.springframework.beans.factory.support.AbstractAutowireCapableBeanFactory.createBeanInstance(AbstractAutowireCapableBeanFactory.java:1205)
	at org.springframework.beans.factory.support.AbstractAutowireCapableBeanFactory.doCreateBean(AbstractAutowireCapableBeanFactory.java:569)
	at org.springframework.beans.factory.support.AbstractAutowireCapableBeanFactory.createBean(AbstractAutowireCapableBeanFactory.java:529)
	at org.springframework.beans.factory.support.AbstractBeanFactory.lambda$doGetBean$0(AbstractBeanFactory.java:339)
	at org.springframework.beans.factory.support.DefaultSingletonBeanRegistry.getSingleton(DefaultSingletonBeanRegistry.java:373)
	at org.springframework.beans.factory.support.AbstractBeanFactory.doGetBean(AbstractBeanFactory.java:337)
	at org.springframework.beans.factory.support.AbstractBeanFactory.getBean(AbstractBeanFactory.java:202)
	at org.springframework.beans.factory.support.DefaultListableBeanFactory.doResolveDependency(DefaultListableBeanFactory.java:1682)
	at org.springframework.beans.factory.support.DefaultListableBeanFactory.resolveDependency(DefaultListableBeanFactory.java:1628)
	at org.springframework.beans.factory.support.ConstructorResolver.resolveAutowiredArgument(ConstructorResolver.java:913)
	at org.springframework.beans.factory.support.ConstructorResolver.createArgumentArray(ConstructorResolver.java:791)
	... 103 common frames omitted
Caused by: org.springframework.util.PlaceholderResolutionException: Could not resolve placeholder 'DB_URL' in value "${DB_URL}" <-- "${db.url}"
	at org.springframework.util.PlaceholderResolutionException.withValue(PlaceholderResolutionException.java:81)
	at org.springframework.util.PlaceholderParser$ParsedValue.resolve(PlaceholderParser.java:423)
	at org.springframework.util.PlaceholderParser.replacePlaceholders(PlaceholderParser.java:128)
	at org.springframework.util.PropertyPlaceholderHelper.parseStringValue(PropertyPlaceholderHelper.java:118)
	at org.springframework.util.PropertyPlaceholderHelper.replacePlaceholders(PropertyPlaceholderHelper.java:114)
	at org.springframework.core.env.AbstractPropertyResolver.doResolvePlaceholders(AbstractPropertyResolver.java:293)
	at org.springframework.core.env.AbstractPropertyResolver.resolveRequiredPlaceholders(AbstractPropertyResolver.java:264)
	at org.springframework.context.support.PropertySourcesPlaceholderConfigurer.lambda$processProperties$0(PropertySourcesPlaceholderConfigurer.java:185)
	at org.springframework.beans.factory.support.AbstractBeanFactory.resolveEmbeddedValue(AbstractBeanFactory.java:971)
	at org.springframework.beans.factory.support.DefaultListableBeanFactory.doResolveDependency(DefaultListableBeanFactory.java:1650)
	at org.springframework.beans.factory.support.DefaultListableBeanFactory.resolveDependency(DefaultListableBeanFactory.java:1628)
	at org.springframework.beans.factory.annotation.AutowiredAnnotationBeanPostProcessor$AutowiredFieldElement.resolveFieldValue(AutowiredAnnotationBeanPostProcessor.java:785)
	at org.springframework.beans.factory.annotation.AutowiredAnnotationBeanPostProcessor$AutowiredFieldElement.inject(AutowiredAnnotationBeanPostProcessor.java:768)
	at org.springframework.beans.factory.annotation.InjectionMetadata.inject(InjectionMetadata.java:146)
	at org.springframework.beans.factory.annotation.AutowiredAnnotationBeanPostProcessor.postProcessProperties(AutowiredAnnotationBeanPostProcessor.java:509)
	... 123 common frames omitted
2026-05-25 18:45:57.446 [main] WARN  [txId=no-txn] o.s.test.context.TestContextManager - Caught exception while allowing TestExecutionListener [org.springframework.test.context.web.ServletTestExecutionListener] to prepare test instance [com.gym.crm.GymApplicationTest@50a7c72b]
java.lang.IllegalStateException: Failed to load ApplicationContext for [WebMergedContextConfiguration@3a0896b3 testClass = com.gym.crm.GymApplicationTest, locations = [], classes = [com.gym.crm.GymApplication], contextInitializerClasses = [], activeProfiles = [], propertySourceDescriptors = [], propertySourceProperties = ["org.springframework.boot.test.context.SpringBootTestContextBootstrapper=true"], contextCustomizers = [org.springframework.boot.test.context.filter.ExcludeFilterContextCustomizer@10289886, org.springframework.boot.test.json.DuplicateJsonObjectContextCustomizerFactory$DuplicateJsonObjectContextCustomizer@7068e664, org.springframework.boot.test.mock.mockito.MockitoContextCustomizer@0, org.springframework.boot.test.web.client.TestRestTemplateContextCustomizer@4a07d605, org.springframework.boot.test.web.reactor.netty.DisableReactorResourceFactoryGlobalResourcesContextCustomizerFactory$DisableReactorResourceFactoryGlobalResourcesContextCustomizerCustomizer@5852c06f, org.springframework.boot.test.autoconfigure.OnFailureConditionReportContextCustomizerFactory$OnFailureConditionReportContextCustomizer@76b07f29, org.springframework.boot.test.autoconfigure.actuate.observability.ObservabilityContextCustomizerFactory$DisableObservabilityContextCustomizer@1f, org.springframework.boot.test.autoconfigure.properties.PropertyMappingContextCustomizer@0, org.springframework.boot.test.autoconfigure.web.servlet.WebDriverContextCustomizer@478db956, org.springframework.test.context.support.DynamicPropertiesContextCustomizer@0, org.springframework.boot.test.context.SpringBootTestAnnotation@b1ccda01], resourceBasePath = "src/main/webapp", contextLoader = org.springframework.boot.test.context.SpringBootContextLoader, parent = null]
	at org.springframework.test.context.cache.DefaultCacheAwareContextLoaderDelegate.loadContext(DefaultCacheAwareContextLoaderDelegate.java:180)
	at org.springframework.test.context.support.DefaultTestContext.getApplicationContext(DefaultTestContext.java:130)
	at org.springframework.test.context.web.ServletTestExecutionListener.setUpRequestContextIfNecessary(ServletTestExecutionListener.java:200)
	at org.springframework.test.context.web.ServletTestExecutionListener.prepareTestInstance(ServletTestExecutionListener.java:139)
	at org.springframework.test.context.TestContextManager.prepareTestInstance(TestContextManager.java:260)
	at org.springframework.test.context.junit.jupiter.SpringExtension.postProcessTestInstance(SpringExtension.java:159)
	at org.junit.jupiter.engine.descriptor.ClassBasedTestDescriptor.lambda$invokeTestInstancePostProcessors$10(ClassBasedTestDescriptor.java:383)
	at org.junit.jupiter.engine.descriptor.ClassBasedTestDescriptor.executeAndMaskThrowable(ClassBasedTestDescriptor.java:388)
	at org.junit.jupiter.engine.descriptor.ClassBasedTestDescriptor.lambda$invokeTestInstancePostProcessors$11(ClassBasedTestDescriptor.java:382)
	at java.base/java.util.stream.ForEachOps$ForEachOp$OfRef.accept(ForEachOps.java:184)
	at java.base/java.util.stream.ReferencePipeline$3$1.accept(ReferencePipeline.java:197)
	at java.base/java.util.stream.ReferencePipeline$2$1.accept(ReferencePipeline.java:179)
	at java.base/java.util.stream.ReferencePipeline$3$1.accept(ReferencePipeline.java:197)
	at java.base/java.util.ArrayList$ArrayListSpliterator.forEachRemaining(ArrayList.java:1708)
	at java.base/java.util.stream.AbstractPipeline.copyInto(AbstractPipeline.java:509)
	at java.base/java.util.stream.AbstractPipeline.wrapAndCopyInto(AbstractPipeline.java:499)
	at java.base/java.util.stream.ForEachOps$ForEachOp.evaluateSequential(ForEachOps.java:151)
	at java.base/java.util.stream.ForEachOps$ForEachOp$OfRef.evaluateSequential(ForEachOps.java:174)
	at java.base/java.util.stream.AbstractPipeline.evaluate(AbstractPipeline.java:234)
	at java.base/java.util.stream.ReferencePipeline.forEach(ReferencePipeline.java:596)
	at org.junit.jupiter.engine.descriptor.ClassBasedTestDescriptor.invokeTestInstancePostProcessors(ClassBasedTestDescriptor.java:382)
	at org.junit.jupiter.engine.descriptor.ClassBasedTestDescriptor.lambda$instantiateAndPostProcessTestInstance$6(ClassBasedTestDescriptor.java:293)
	at org.junit.platform.engine.support.hierarchical.ThrowableCollector.execute(ThrowableCollector.java:73)
	at org.junit.jupiter.engine.descriptor.ClassBasedTestDescriptor.instantiateAndPostProcessTestInstance(ClassBasedTestDescriptor.java:292)
	at org.junit.jupiter.engine.descriptor.ClassBasedTestDescriptor.lambda$testInstancesProvider$4(ClassBasedTestDescriptor.java:281)
	at java.base/java.util.Optional.orElseGet(Optional.java:364)
	at org.junit.jupiter.engine.descriptor.ClassBasedTestDescriptor.lambda$testInstancesProvider$5(ClassBasedTestDescriptor.java:280)
	at org.junit.jupiter.engine.execution.TestInstancesProvider.getTestInstances(TestInstancesProvider.java:27)
	at org.junit.jupiter.engine.descriptor.TestMethodTestDescriptor.lambda$prepare$0(TestMethodTestDescriptor.java:112)
	at org.junit.platform.engine.support.hierarchical.ThrowableCollector.execute(ThrowableCollector.java:73)
	at org.junit.jupiter.engine.descriptor.TestMethodTestDescriptor.prepare(TestMethodTestDescriptor.java:111)
	at org.junit.jupiter.engine.descriptor.TestMethodTestDescriptor.prepare(TestMethodTestDescriptor.java:69)
	at org.junit.platform.engine.support.hierarchical.NodeTestTask.lambda$prepare$2(NodeTestTask.java:128)
	at org.junit.platform.engine.support.hierarchical.ThrowableCollector.execute(ThrowableCollector.java:73)
	at org.junit.platform.engine.support.hierarchical.NodeTestTask.prepare(NodeTestTask.java:128)
	at org.junit.platform.engine.support.hierarchical.NodeTestTask.execute(NodeTestTask.java:95)
	at java.base/java.util.ArrayList.forEach(ArrayList.java:1596)
	at org.junit.platform.engine.support.hierarchical.SameThreadHierarchicalTestExecutorService.invokeAll(SameThreadHierarchicalTestExecutorService.java:41)
	at org.junit.platform.engine.support.hierarchical.NodeTestTask.lambda$executeRecursively$6(NodeTestTask.java:160)
	at org.junit.platform.engine.support.hierarchical.ThrowableCollector.execute(ThrowableCollector.java:73)
	at org.junit.platform.engine.support.hierarchical.NodeTestTask.lambda$executeRecursively$8(NodeTestTask.java:146)
	at org.junit.platform.engine.support.hierarchical.Node.around(Node.java:137)
	at org.junit.platform.engine.support.hierarchical.NodeTestTask.lambda$executeRecursively$9(NodeTestTask.java:144)
	at org.junit.platform.engine.support.hierarchical.ThrowableCollector.execute(ThrowableCollector.java:73)
	at org.junit.platform.engine.support.hierarchical.NodeTestTask.executeRecursively(NodeTestTask.java:143)
	at org.junit.platform.engine.support.hierarchical.NodeTestTask.execute(NodeTestTask.java:100)
	at java.base/java.util.ArrayList.forEach(ArrayList.java:1596)
	at org.junit.platform.engine.support.hierarchical.SameThreadHierarchicalTestExecutorService.invokeAll(SameThreadHierarchicalTestExecutorService.java:41)
	at org.junit.platform.engine.support.hierarchical.NodeTestTask.lambda$executeRecursively$6(NodeTestTask.java:160)
	at org.junit.platform.engine.support.hierarchical.ThrowableCollector.execute(ThrowableCollector.java:73)
	at org.junit.platform.engine.support.hierarchical.NodeTestTask.lambda$executeRecursively$8(NodeTestTask.java:146)
	at org.junit.platform.engine.support.hierarchical.Node.around(Node.java:137)
	at org.junit.platform.engine.support.hierarchical.NodeTestTask.lambda$executeRecursively$9(NodeTestTask.java:144)
	at org.junit.platform.engine.support.hierarchical.ThrowableCollector.execute(ThrowableCollector.java:73)
	at org.junit.platform.engine.support.hierarchical.NodeTestTask.executeRecursively(NodeTestTask.java:143)
	at org.junit.platform.engine.support.hierarchical.NodeTestTask.execute(NodeTestTask.java:100)
	at org.junit.platform.engine.support.hierarchical.SameThreadHierarchicalTestExecutorService.submit(SameThreadHierarchicalTestExecutorService.java:35)
	at org.junit.platform.engine.support.hierarchical.HierarchicalTestExecutor.execute(HierarchicalTestExecutor.java:57)
	at org.junit.platform.engine.support.hierarchical.HierarchicalTestEngine.execute(HierarchicalTestEngine.java:54)
	at org.junit.platform.launcher.core.EngineExecutionOrchestrator.execute(EngineExecutionOrchestrator.java:201)
	at org.junit.platform.launcher.core.EngineExecutionOrchestrator.execute(EngineExecutionOrchestrator.java:170)
	at org.junit.platform.launcher.core.EngineExecutionOrchestrator.execute(EngineExecutionOrchestrator.java:94)
	at org.junit.platform.launcher.core.EngineExecutionOrchestrator.lambda$execute$0(EngineExecutionOrchestrator.java:59)
	at org.junit.platform.launcher.core.EngineExecutionOrchestrator.withInterceptedStreams(EngineExecutionOrchestrator.java:142)
	at org.junit.platform.launcher.core.EngineExecutionOrchestrator.execute(EngineExecutionOrchestrator.java:58)
	at org.junit.platform.launcher.core.DefaultLauncher.execute(DefaultLauncher.java:103)
	at org.junit.platform.launcher.core.DefaultLauncher.execute(DefaultLauncher.java:85)
	at org.junit.platform.launcher.core.DelegatingLauncher.execute(DelegatingLauncher.java:47)
	at org.junit.platform.launcher.core.InterceptingLauncher.lambda$execute$1(InterceptingLauncher.java:39)
	at org.junit.platform.launcher.core.ClasspathAlignmentCheckingLauncherInterceptor.intercept(ClasspathAlignmentCheckingLauncherInterceptor.java:25)
	at org.junit.platform.launcher.core.InterceptingLauncher.execute(InterceptingLauncher.java:38)
	at org.junit.platform.launcher.core.DelegatingLauncher.execute(DelegatingLauncher.java:47)
	at org.junit.platform.launcher.core.SessionPerRequestLauncher.execute(SessionPerRequestLauncher.java:63)
	at com.intellij.junit5.JUnit5IdeaTestRunner.startRunnerWithArgs(JUnit5IdeaTestRunner.java:66)
	at com.intellij.rt.junit.IdeaTestRunner$Repeater$1.execute(IdeaTestRunner.java:38)
	at com.intellij.rt.execution.junit.TestsRepeater.repeat(TestsRepeater.java:11)
	at com.intellij.rt.junit.IdeaTestRunner$Repeater.startRunnerWithArgs(IdeaTestRunner.java:35)
	at com.intellij.rt.junit.JUnitStarter.prepareStreamsAndStart(JUnitStarter.java:237)
	at com.intellij.rt.junit.JUnitStarter.main(JUnitStarter.java:58)
Caused by: org.springframework.beans.factory.BeanCreationException: Error creating bean with name 'entityManagerFactory' defined in class path resource [org/springframework/boot/autoconfigure/orm/jpa/HibernateJpaConfiguration.class]: Failed to initialize dependency 'liquibase' of LoadTimeWeaverAware bean 'entityManagerFactory': Error creating bean with name 'liquibase' defined in class path resource [com/gym/crm/config/LiquibaseConfig.class]: Unsatisfied dependency expressed through method 'liquibase' parameter 0: Error creating bean with name 'testDatabaseConfig': Injection of autowired dependencies failed
	at org.springframework.beans.factory.support.AbstractBeanFactory.doGetBean(AbstractBeanFactory.java:328)
	at org.springframework.beans.factory.support.AbstractBeanFactory.getBean(AbstractBeanFactory.java:207)
	at org.springframework.context.support.AbstractApplicationContext.finishBeanFactoryInitialization(AbstractApplicationContext.java:970)
	at org.springframework.context.support.AbstractApplicationContext.refresh(AbstractApplicationContext.java:627)
	at org.springframework.boot.SpringApplication.refresh(SpringApplication.java:753)
	at org.springframework.boot.SpringApplication.refreshContext(SpringApplication.java:439)
	at org.springframework.boot.SpringApplication.run(SpringApplication.java:318)
	at org.springframework.boot.test.context.SpringBootContextLoader.lambda$loadContext$3(SpringBootContextLoader.java:144)
	at org.springframework.util.function.ThrowingSupplier.get(ThrowingSupplier.java:58)
	at org.springframework.util.function.ThrowingSupplier.get(ThrowingSupplier.java:46)
	at org.springframework.boot.SpringApplication.withHook(SpringApplication.java:1462)
	at org.springframework.boot.test.context.SpringBootContextLoader$ContextLoaderHook.run(SpringBootContextLoader.java:563)
	at org.springframework.boot.test.context.SpringBootContextLoader.loadContext(SpringBootContextLoader.java:144)
	at org.springframework.boot.test.context.SpringBootContextLoader.loadContext(SpringBootContextLoader.java:110)
	at org.springframework.test.context.cache.DefaultCacheAwareContextLoaderDelegate.loadContextInternal(DefaultCacheAwareContextLoaderDelegate.java:225)
	at org.springframework.test.context.cache.DefaultCacheAwareContextLoaderDelegate.loadContext(DefaultCacheAwareContextLoaderDelegate.java:152)
	... 78 common frames omitted
Caused by: org.springframework.beans.factory.UnsatisfiedDependencyException: Error creating bean with name 'liquibase' defined in class path resource [com/gym/crm/config/LiquibaseConfig.class]: Unsatisfied dependency expressed through method 'liquibase' parameter 0: Error creating bean with name 'testDatabaseConfig': Injection of autowired dependencies failed
	at org.springframework.beans.factory.support.ConstructorResolver.createArgumentArray(ConstructorResolver.java:804)
	at org.springframework.beans.factory.support.ConstructorResolver.instantiateUsingFactoryMethod(ConstructorResolver.java:546)
	at org.springframework.beans.factory.support.AbstractAutowireCapableBeanFactory.instantiateUsingFactoryMethod(AbstractAutowireCapableBeanFactory.java:1375)
	at org.springframework.beans.factory.support.AbstractAutowireCapableBeanFactory.createBeanInstance(AbstractAutowireCapableBeanFactory.java:1205)
	at org.springframework.beans.factory.support.AbstractAutowireCapableBeanFactory.doCreateBean(AbstractAutowireCapableBeanFactory.java:569)
	at org.springframework.beans.factory.support.AbstractAutowireCapableBeanFactory.createBean(AbstractAutowireCapableBeanFactory.java:529)
	at org.springframework.beans.factory.support.AbstractBeanFactory.lambda$doGetBean$0(AbstractBeanFactory.java:339)
	at org.springframework.beans.factory.support.DefaultSingletonBeanRegistry.getSingleton(DefaultSingletonBeanRegistry.java:373)
	at org.springframework.beans.factory.support.AbstractBeanFactory.doGetBean(AbstractBeanFactory.java:337)
	at org.springframework.beans.factory.support.AbstractBeanFactory.getBean(AbstractBeanFactory.java:202)
	at org.springframework.beans.factory.support.AbstractBeanFactory.doGetBean(AbstractBeanFactory.java:315)
	... 93 common frames omitted
Caused by: org.springframework.beans.factory.BeanCreationException: Error creating bean with name 'testDatabaseConfig': Injection of autowired dependencies failed
	at org.springframework.beans.factory.annotation.AutowiredAnnotationBeanPostProcessor.postProcessProperties(AutowiredAnnotationBeanPostProcessor.java:515)
	at org.springframework.beans.factory.support.AbstractAutowireCapableBeanFactory.populateBean(AbstractAutowireCapableBeanFactory.java:1459)
	at org.springframework.beans.factory.support.AbstractAutowireCapableBeanFactory.doCreateBean(AbstractAutowireCapableBeanFactory.java:606)
	at org.springframework.beans.factory.support.AbstractAutowireCapableBeanFactory.createBean(AbstractAutowireCapableBeanFactory.java:529)
	at org.springframework.beans.factory.support.AbstractBeanFactory.lambda$doGetBean$0(AbstractBeanFactory.java:339)
	at org.springframework.beans.factory.support.DefaultSingletonBeanRegistry.getSingleton(DefaultSingletonBeanRegistry.java:373)
	at org.springframework.beans.factory.support.AbstractBeanFactory.doGetBean(AbstractBeanFactory.java:337)
	at org.springframework.beans.factory.support.AbstractBeanFactory.getBean(AbstractBeanFactory.java:202)
	at org.springframework.beans.factory.support.ConstructorResolver.instantiateUsingFactoryMethod(ConstructorResolver.java:413)
	at org.springframework.beans.factory.support.AbstractAutowireCapableBeanFactory.instantiateUsingFactoryMethod(AbstractAutowireCapableBeanFactory.java:1375)
	at org.springframework.beans.factory.support.AbstractAutowireCapableBeanFactory.createBeanInstance(AbstractAutowireCapableBeanFactory.java:1205)
	at org.springframework.beans.factory.support.AbstractAutowireCapableBeanFactory.doCreateBean(AbstractAutowireCapableBeanFactory.java:569)
	at org.springframework.beans.factory.support.AbstractAutowireCapableBeanFactory.createBean(AbstractAutowireCapableBeanFactory.java:529)
	at org.springframework.beans.factory.support.AbstractBeanFactory.lambda$doGetBean$0(AbstractBeanFactory.java:339)
	at org.springframework.beans.factory.support.DefaultSingletonBeanRegistry.getSingleton(DefaultSingletonBeanRegistry.java:373)
	at org.springframework.beans.factory.support.AbstractBeanFactory.doGetBean(AbstractBeanFactory.java:337)
	at org.springframework.beans.factory.support.AbstractBeanFactory.getBean(AbstractBeanFactory.java:202)
	at org.springframework.beans.factory.support.DefaultListableBeanFactory.doResolveDependency(DefaultListableBeanFactory.java:1682)
	at org.springframework.beans.factory.support.DefaultListableBeanFactory.resolveDependency(DefaultListableBeanFactory.java:1628)
	at org.springframework.beans.factory.support.ConstructorResolver.resolveAutowiredArgument(ConstructorResolver.java:913)
	at org.springframework.beans.factory.support.ConstructorResolver.createArgumentArray(ConstructorResolver.java:791)
	... 103 common frames omitted
Caused by: org.springframework.util.PlaceholderResolutionException: Could not resolve placeholder 'DB_URL' in value "${DB_URL}" <-- "${db.url}"
	at org.springframework.util.PlaceholderResolutionException.withValue(PlaceholderResolutionException.java:81)
	at org.springframework.util.PlaceholderParser$ParsedValue.resolve(PlaceholderParser.java:423)
	at org.springframework.util.PlaceholderParser.replacePlaceholders(PlaceholderParser.java:128)
	at org.springframework.util.PropertyPlaceholderHelper.parseStringValue(PropertyPlaceholderHelper.java:118)
	at org.springframework.util.PropertyPlaceholderHelper.replacePlaceholders(PropertyPlaceholderHelper.java:114)
	at org.springframework.core.env.AbstractPropertyResolver.doResolvePlaceholders(AbstractPropertyResolver.java:293)
	at org.springframework.core.env.AbstractPropertyResolver.resolveRequiredPlaceholders(AbstractPropertyResolver.java:264)
	at org.springframework.context.support.PropertySourcesPlaceholderConfigurer.lambda$processProperties$0(PropertySourcesPlaceholderConfigurer.java:185)
	at org.springframework.beans.factory.support.AbstractBeanFactory.resolveEmbeddedValue(AbstractBeanFactory.java:971)
	at org.springframework.beans.factory.support.DefaultListableBeanFactory.doResolveDependency(DefaultListableBeanFactory.java:1650)
	at org.springframework.beans.factory.support.DefaultListableBeanFactory.resolveDependency(DefaultListableBeanFactory.java:1628)
	at org.springframework.beans.factory.annotation.AutowiredAnnotationBeanPostProcessor$AutowiredFieldElement.resolveFieldValue(AutowiredAnnotationBeanPostProcessor.java:785)
	at org.springframework.beans.factory.annotation.AutowiredAnnotationBeanPostProcessor$AutowiredFieldElement.inject(AutowiredAnnotationBeanPostProcessor.java:768)
	at org.springframework.beans.factory.annotation.InjectionMetadata.inject(InjectionMetadata.java:146)
	at org.springframework.beans.factory.annotation.AutowiredAnnotationBeanPostProcessor.postProcessProperties(AutowiredAnnotationBeanPostProcessor.java:509)
	... 123 common frames omitted
